"Provisional Population Totals, Census of India 2011",,,,,,,,,,,,,,,,,,
Cities having population 1 lakh and above,,,,,,,,,,,,,,,,,,
State Code,State Name,Level,District Code,Name of City,Population ,,,0-6 Population,,,Literates,,,Sex Ratio,Child Sex Ratio (0-6 Years,Effective Literacy Rate (7+ Pop),,
,,,,,Persons,Males,Females,Persons,Males,Females,Persons,Males,Females,,,Persons,Males,Females
1,JAMMU & KASHMIR,71,10,Srinagar (M Corp.),"11,92,792","6,31,916","5,60,876","1,48,178","79,293","68,885","7,41,441","4,28,915","3,12,526",888,869,70.98,77.61,63.52
1,JAMMU & KASHMIR,71,14,Anantnag (M Cl),"1,08,505","56,030","52,475","18,056","9,633","8,423","71,408","39,591","31,817",937,874,78.95,85.33,72.23
1,JAMMU & KASHMIR,71,21,Jammu (MC),"5,03,690","2,65,346","2,38,344","42,655","23,317","19,338","4,13,366","2,25,410","1,87,956",898,829,89.66,93.13,85.82
2,HIMACHAL PRADESH,71,11,Shimla (M Corp.),"1,69,758","93,364","76,394","13,646","7,221","6,425","1,47,799","82,486","65,313",818,890,94.67,95.75,93.35
3,PUNJAB,71,1,Pathankot (M Cl),"1,48,357","77,833","70,524","13,496","7,488","6,008","1,19,483","64,673","54,810",906,802,88.6,91.94,84.96
3,PUNJAB,71,1,Batala (M Cl),"1,56,400","82,459","73,941","14,698","8,028","6,670","1,21,138","66,101","55,037",897,831,85.49,88.81,81.81
3,PUNJAB,7,2,Kapurthala (M Cl),"1,01,654","55,485","46,169","9,706","5,162","4,544","78,914","44,399","34,515",832,880,85.82,88.23,82.92
3,PUNJAB,71,3,Jalandhar (M Corp.),"8,62,196","4,58,015","4,04,181","83,669","44,850","38,819","6,65,625","3,63,500","3,02,125",882,866,85.5,87.98,82.69
3,PUNJAB,7,4,Hoshiarpur (M Cl),"1,68,443","88,290","80,153","16,836","9,178","7,658","1,35,094","72,533","62,561",908,834,89.11,91.68,86.3
3,PUNJAB,7,7,Khanna (M Cl),"1,28,130","67,811","60,319","13,218","7,232","5,986","97,022","53,108","43,914",890,828,84.43,87.67,80.82
3,PUNJAB,7,7,Ludhiana (M Corp.),"16,13,878","8,74,773","7,39,105","1,73,021","92,492","80,529","12,30,218","6,91,161","5,39,057",845,871,85.38,88.35,81.85
3,PUNJAB,71,8,Moga (M Cl),"1,50,432","79,760","70,672","15,502","8,348","7,154","1,10,764","60,698","50,066",886,857,82.09,85,78.82
3,PUNJAB,7,9,Firozpur (M Cl),"1,10,091","58,401","51,690","11,516","6,262","5,254","78,615","43,468","35,147",885,839,79.75,83.37,75.69
3,PUNJAB,7,9,Abohar (M Cl),"1,45,238","76,840","68,398","15,870","8,587","7,283","1,03,319","58,347","44,972",890,848,79.86,85.49,73.59
3,PUNJAB,7,10,Muktsar (M Cl),"1,17,085","62,005","55,080","13,639","7,448","6,191","79,979","45,007","34,972",888,831,77.31,82.5,71.53
3,PUNJAB,7,12,Bathinda (M Corp.),"2,85,813","1,51,782","1,34,031","30,713","16,472","14,241","2,11,318","1,18,888","92,430",883,865,82.84,87.86,77.16
3,PUNJAB,71,14,Patiala (M Corp.),"4,05,164","2,15,606","1,89,558","39,155","21,058","18,097","3,16,093","1,74,291","1,41,802",879,859,86.36,89.59,82.7
3,PUNJAB,71,15,Amritsar (M Corp.),"11,32,761","6,02,754","5,30,007","1,09,540","60,056","49,484","8,72,527","4,78,062","3,94,465",879,824,85.27,88.09,82.09
3,PUNJAB,71,18,S.A.S. Nagar (M Cl),"1,46,104","76,441","69,663","13,155","6,975","6,180","1,23,930","66,100","57,830",911,886,93.22,95.15,91.1
3,PUNJAB,7,19,Malerkotla (M Cl),"1,35,330","71,401","63,929","16,315","8,365","7,950","83,606","47,164","36,442",895,950,70.25,74.82,65.1
3,PUNJAB,7,20,Barnala (M Cl),"1,16,454","62,302","54,152","12,984","7,096","5,888","82,347","46,100","36,247",869,830,79.59,83.51,75.1
4,CHANDIGARH,71,1,Chandigarh (M Corp.),"9,60,787","5,25,226","4,35,561","1,04,192","56,020","48,172","7,43,254","4,26,071","3,17,183",829,860,86.77,90.81,81.88
5,UTTARAKHAND,71,5,Dehradun (M Corp.),"5,78,420","3,03,411","2,75,009","59,180","31,600","27,580","4,63,791","2,51,832","2,11,959",906,873,89.32,92.65,85.66
5,UTTARAKHAND,71,11,Haldwani-cum-Kathgodam (NPP),"1,56,060","81,918","74,142","19,783","10,397","9,386","1,11,410","60,678","50,732",905,903,81.75,84.84,78.34
5,UTTARAKHAND,7,12,Kashipur (NPP),"1,21,610","63,625","57,985","14,381","7,792","6,589","89,433","49,030","40,403",911,846,83.4,87.82,78.61
5,UTTARAKHAND,71,12,Rudrapur (NPP),"1,40,884","74,276","66,608","19,727","10,342","9,385","88,700","51,407","37,293",897,907,73.21,80.41,65.17
5,UTTARAKHAND,71,13,Roorkee (NPP),"1,18,188","63,508","54,680","11,596","6,337","5,259","96,674","53,928","42,746",861,830,90.7,94.33,86.49
5,UTTARAKHAND,71,13,Hardwar (NPP),"2,25,235","1,20,201","1,05,034","25,950","13,853","12,097","1,69,371","94,508","74,863",874,873,84.99,88.87,80.55
6,HARYANA,7,1,Panchkula (M Cl) (incl.spl),"2,10,175","1,11,622","98,553","22,111","12,024","10,087","1,65,235","90,938","74,297",883,839,87.86,91.31,83.98
6,HARYANA,71,2,Ambala Sadar (M CL),"1,04,268","54,241","50,027","9,646","5,239","4,407","83,236","43,444","39,792",922,841,87.97,88.66,87.22
6,HARYANA,7,2,Ambala (M Cl),"1,96,216","1,03,533","92,683","19,645","10,713","8,932","1,55,780","85,004","70,776",895,834,88.23,91.58,84.51
6,HARYANA,71,3,Yamunanagar (M Cl),"2,16,628","1,15,404","1,01,224","22,905","12,556","10,349","1,66,419","92,164","74,255",877,824,85.91,89.61,81.71
6,HARYANA,71,3,Jagadhri (M Cl),"1,24,915","67,752","57,163","13,635","7,484","6,151","95,469","53,660","41,809",844,822,85.79,89.04,81.96
6,HARYANA,7,4,Thanesar (M Cl),"1,54,962","83,655","71,307","15,594","8,401","7,193","1,19,482","67,646","51,836",852,856,85.73,89.89,80.85
6,HARYANA,7,5,Kaithal (M Cl),"1,44,633","76,657","67,976","16,690","9,156","7,534","1,03,329","59,162","44,167",887,823,80.76,87.65,73.07
6,HARYANA,71,6,Karnal (M Cl),"2,86,974","1,51,668","1,35,306","31,291","17,319","13,972","2,20,711","1,21,652","99,059",892,807,86.32,90.55,81.64
6,HARYANA,71,7,Panipat (M Cl),"2,94,150","1,57,302","1,36,848","35,477","19,246","16,231","2,18,023","1,22,629","95,394",870,843,84.29,88.83,79.09
6,HARYANA,71,8,Sonipat (M Cl),"2,77,053","1,47,933","1,29,120","30,809","17,232","13,577","2,15,609","1,21,821","93,788",873,788,87.56,93.21,81.17
6,HARYANA,7,9,Jind (M Cl),"1,66,225","88,561","77,664","18,825","10,280","8,545","1,23,267","71,129","52,138",877,831,83.63,90.86,75.43
6,HARYANA,7,11,Sirsa (M Cl),"1,83,282","96,806","86,476","20,161","11,161","9,000","1,35,435","75,796","59,639",893,806,83.03,88.5,76.98
6,HARYANA,71,12,Hisar (M Cl),"3,01,249","1,63,338","1,37,911","33,514","18,015","15,499","2,16,978","1,25,172","91,806",844,860,81.04,86.13,75
6,HARYANA,7,13,Bhiwani (M Cl),"1,97,662","1,05,372","92,290","22,507","12,444","10,063","1,47,807","84,028","63,779",876,809,84.39,90.42,77.56
6,HARYANA,7,14,Rohtak (M Cl),"3,73,133","1,97,754","1,75,379","40,715","22,711","18,004","2,79,509","1,55,679","1,23,830",887,793,84.08,88.94,78.68
6,HARYANA,7,15,Bahadurgarh (M Cl),"1,70,426","91,736","78,690","20,374","11,420","8,954","1,32,108","75,714","56,394",858,784,88.04,94.27,80.87
6,HARYANA,7,17,Rewari (M Cl),"1,40,864","74,689","66,175","15,986","8,958","7,028","1,10,205","61,933","48,272",886,785,88.25,94.22,81.61
6,HARYANA,71,18,Gurgaon (M Corp.),"8,76,824","4,75,612","4,01,212","1,08,623","58,842","49,781","6,62,969","3,73,164","2,89,805",844,846,86.3,89.54,82.46
6,HARYANA,7,20,Faridabad (M Corp.),"14,04,653","7,50,446","6,54,207","1,76,773","95,808","80,965","10,42,168","5,92,024","4,50,144",872,845,84.88,90.44,78.53
6,HARYANA,71,21,Palwal (M Cl),"1,27,931","67,887","60,044","15,662","8,614","7,048","90,937","52,028","38,909",884,818,81,87.78,73.42
7,NCT OF DELHI,71,99,DMC (U) (M Corp.),"1,10,07,835","58,71,362","51,36,473","12,09,275","6,47,938","5,61,337","85,83,105","47,76,490","38,06,615",875,866,87.6,91.44,83.2
7,NCT OF DELHI,71,99,NDMC (M Cl) Total,"2,49,998","1,36,438","1,13,560","20,857","11,158","9,699","2,08,352","1,18,453","89,899",832,869,90.93,94.55,86.56
7,NCT OF DELHI,81,1,Kirari Suleman Nagar (CT),"2,82,598","1,52,135","1,30,463","40,720","21,149","19,571","1,91,624","1,13,079","78,545",858,925,79.22,86.33,70.83
7,NCT OF DELHI,81,1,Sultan Pur Majra (CT),"1,81,624","95,816","85,808","24,254","12,842","11,412","1,25,557","72,458","53,099",896,889,79.78,87.33,71.37
7,NCT OF DELHI,81,1,Bhalswa Jahangir Pur (CT),"1,97,150","1,06,271","90,879","27,653","14,678","12,975","1,30,417","76,114","54,303",855,884,76.94,83.1,69.71
7,NCT OF DELHI,81,2,Burari (CT),"1,45,584","77,767","67,817","18,134","9,809","8,325","1,13,188","64,125","49,063",872,849,88.81,94.36,82.47
7,NCT OF DELHI,81,3,Karawal Nagar (CT),"2,24,666","1,20,284","1,04,382","30,985","16,871","14,114","1,63,801","94,870","68,931",868,837,84.57,91.74,76.36
7,NCT OF DELHI,81,3,Mustafabad (CT),"1,27,012","66,754","60,258","19,370","10,176","9,194","81,915","47,714","34,201",903,903,76.1,84.33,66.98
7,NCT OF DELHI,81,3,Gokal Pur (CT),"1,21,938","64,935","57,003","15,299","8,282","7,017","90,904","51,785","39,119",878,847,85.24,91.41,78.26
7,NCT OF DELHI,81,3,Mandoli (CT),"1,20,345","64,123","56,222","16,212","8,547","7,665","84,053","48,535","35,518",877,897,80.72,87.33,73.15
7,NCT OF DELHI,81,4,Dallo Pura (CT),"1,54,955","81,425","73,530","18,832","9,961","8,871","1,11,514","62,799","48,715",903,891,81.92,87.88,75.34
7,NCT OF DELHI,81,7,Hastsal (CT),"1,77,033","95,068","81,965","23,920","12,775","11,145","1,29,653","75,259","54,394",862,872,84.68,91.45,76.81
7,NCT OF DELHI,81,7,Nangloi Jat (CT),"2,05,497","1,10,068","95,429","28,274","15,215","13,059","1,47,805","85,448","62,357",867,858,83.4,90.08,75.7
7,NCT OF DELHI,71,8,Delhi Cantonment (CB),"1,16,352","67,703","48,649","13,214","7,258","5,956","93,971","57,144","36,827",719,821,91.11,94.54,86.26
7,NCT OF DELHI,81,9,Deoli (CT),"1,69,410","91,173","78,237","22,526","12,001","10,525","1,23,167","72,062","51,105",858,877,83.85,91.02,75.47
8,RAJASTHAN,71,1,Ganganagar (M Cl),"2,24,773","1,20,929","1,03,844","24,768","13,651","11,117","1,66,449","95,374","71,075",859,814,83.22,88.9,76.65
8,RAJASTHAN,7,2,Hanumangarh (M Cl),"1,51,104","79,817","71,287","17,947","9,709","8,238","1,04,285","59,883","44,402",893,848,78.32,85.42,70.42
8,RAJASTHAN,7,3,Bikaner (M Corp.),"6,47,804","3,40,894","3,06,910","82,264","43,280","38,984","4,51,663","2,59,367","1,92,296",900,901,79.86,87.15,71.77
8,RAJASTHAN,71,4,Churu (M Cl),"1,19,846","61,771","58,075","16,334","8,513","7,821","77,751","46,055","31,696",940,919,75.11,86.48,63.07
8,RAJASTHAN,7,4,Sujangarh (M),"1,01,528","52,078","49,450","14,723","7,775","6,948","64,716","37,914","26,802",950,894,74.55,85.58,63.06
8,RAJASTHAN,7,5,Jhunjhunun (M Cl),"1,18,966","61,906","57,060","16,563","8,887","7,676","76,183","44,962","31,221",922,864,74.4,84.8,63.22
8,RAJASTHAN,71,6,Alwar (M Cl),"3,15,310","1,66,900","1,48,410","34,576","18,862","15,714","2,43,634","1,38,737","1,04,897",889,833,86.78,93.72,79.05
8,RAJASTHAN,7,6,Bhiwadi (M),"1,04,883","59,757","45,126","16,884","9,080","7,804","70,987","44,697","26,290",755,859,80.67,88.2,70.44
8,RAJASTHAN,71,7,Bharatpur (M Cl),"2,52,109","1,34,088","1,18,021","31,538","17,245","14,293","1,81,159","1,05,642","75,517",880,829,82.13,90.41,72.8
8,RAJASTHAN,71,8,Dhaulpur (M),"1,26,142","67,740","58,402","17,199","9,459","7,740","83,405","49,087","34,318",862,818,76.56,84.22,67.74
8,RAJASTHAN,7,9,Hindaun (M),"1,05,690","56,178","49,512","15,451","8,345","7,106","69,108","41,993","27,115",881,852,76.58,87.79,63.94
8,RAJASTHAN,71,10,Gangapur City (M),"1,19,045","62,910","56,135","16,098","8,693","7,405","82,132","49,231","32,901",892,852,79.78,90.8,67.52
8,RAJASTHAN,7,10,Sawai Madhopur (M),"1,20,998","63,223","57,775","15,286","8,170","7,116","85,472","50,438","35,034",914,871,80.85,91.62,69.16
8,RAJASTHAN,7,12,Jaipur (M Corp.),"30,73,350","16,19,280","14,54,070","3,78,788","2,04,320","1,74,468","22,72,724","12,82,140","9,90,584",898,854,84.34,90.61,77.41
8,RAJASTHAN,71,13,Sikar (M Cl),"2,37,579","1,23,156","1,14,423","32,189","17,236","14,953","1,58,413","91,403","67,010",929,868,77.13,86.29,67.37
8,RAJASTHAN,71,14,Nagaur (M),"1,00,618","52,220","48,398","12,974","6,914","6,060","64,028","37,179","26,849",927,876,73.05,82.06,63.42
8,RAJASTHAN,71,15,Jodhpur (M Corp.),"10,33,918","5,44,057","4,89,861","1,26,543","66,662","59,881","7,40,011","4,22,120","3,17,891",900,898,81.56,88.42,73.93
8,RAJASTHAN,7,20,Pali (M Cl),"2,29,956","1,20,008","1,09,948","30,566","16,257","14,309","1,56,858","92,705","64,153",916,880,78.67,89.35,67.08
8,RAJASTHAN,71,21,Ajmer (M Corp.),"5,42,580","2,78,786","2,63,794","59,437","31,547","27,890","4,22,913","2,30,586","1,92,327",946,884,87.53,93.26,81.53
8,RAJASTHAN,71,21,Beawar (M Cl),"1,45,809","74,946","70,863","17,709","9,419","8,290","1,10,111","61,229","48,882",946,880,85.96,93.44,78.12
8,RAJASTHAN,7,21,Kishangarh (M Cl),"1,55,019","80,343","74,676","21,765","11,602","10,163","1,06,809","61,313","45,496",929,876,80.15,89.19,70.52
8,RAJASTHAN,7,22,Tonk (M Cl),"1,65,363","84,927","80,436","23,122","12,280","10,842","98,819","57,170","41,649",947,883,69.47,78.7,59.85
8,RAJASTHAN,71,23,Bundi (M),"1,02,823","53,299","49,524","12,047","6,419","5,628","75,482","42,642","32,840",929,877,83.15,90.96,74.81
8,RAJASTHAN,7,24,Bhilwara (M Cl),"3,60,009","1,87,952","1,72,057","45,832","24,215","21,617","2,64,762","1,50,306","1,14,456",915,893,84.27,91.8,76.08
8,RAJASTHAN,71,27,Banswara (M),"1,00,128","51,240","48,888","12,244","6,602","5,642","76,438","41,404","35,034",954,855,86.98,92.76,81.01
8,RAJASTHAN,7,28,Chittaurgarh (M),"1,16,409","60,229","56,180","14,067","7,473","6,594","86,945","48,624","38,321",933,882,84.96,92.17,77.28
8,RAJASTHAN,7,29,Kota (M Corp.),"10,01,365","5,29,795","4,71,570","1,18,139","62,958","55,181","7,38,795","4,22,767","3,16,028",890,876,83.65,90.56,75.9
8,RAJASTHAN,7,30,Baran (M),"1,18,157","61,360","56,797","14,845","7,842","7,003","83,879","48,209","35,670",926,893,81.19,90.08,71.64
8,RAJASTHAN,71,32,Udaipur (M Cl),"4,51,735","2,34,681","2,17,054","47,352","25,338","22,014","3,66,598","2,00,051","1,66,547",925,869,90.66,95.56,85.39
9,UTTAR PRADESH,7,1,Saharanpur (M Corp.),"7,03,345","3,71,858","3,31,487","88,501","47,024","41,477","4,79,218","2,65,417","2,13,801",891,882,77.94,81.71,73.72
9,UTTAR PRADESH,7,2,Shamli (NPP),"1,07,233","57,236","49,997","13,724","7,634","6,090","76,650","43,469","33,181",874,798,81.97,87.64,75.57
9,UTTAR PRADESH,71,2,Muzaffarnagar (NPP),"3,92,451","2,06,902","1,85,549","48,692","26,401","22,291","2,78,405","1,54,902","1,23,503",897,844,80.99,85.82,75.65
9,UTTAR PRADESH,7,4,Moradabad (M Corp.),"8,89,810","4,66,432","4,23,378","1,10,376","57,999","52,377","5,50,637","3,02,447","2,48,190",908,903,70.65,74.05,66.9
9,UTTAR PRADESH,7,4,Sambhal (NPP),"2,21,334","1,16,008","1,05,326","34,279","17,702","16,577","92,608","51,382","41,226",908,936,49.51,52.27,46.45
9,UTTAR PRADESH,7,4,Chandausi (NPP),"1,14,254","60,238","54,016","14,417","7,730","6,687","72,515","40,323","32,192",897,865,72.63,76.79,68.02
9,UTTAR PRADESH,71,5,Rampur (NPP),"3,25,248","1,69,826","1,55,422","37,945","19,736","18,209","1,74,508","95,157","79,351",915,923,60.74,63.4,57.83
9,UTTAR PRADESH,7,6,Amroha (NPP),"1,97,135","1,02,804","94,331","26,855","13,799","13,056","1,08,772","60,621","48,151",918,946,63.88,68.11,59.24
9,UTTAR PRADESH,71,7,Meerut (M Corp.),"13,09,023","6,89,567","6,19,456","1,63,910","88,567","75,343","8,89,729","4,99,928","3,89,801",898,851,77.7,83.18,71.64
9,UTTAR PRADESH,7,8,Baraut (NPP),"1,02,733","54,521","48,212","13,536","7,387","6,149","69,559","39,900","29,659",884,832,77.98,84.65,70.51
9,UTTAR PRADESH,71,9,Modinagar (NPP),"1,30,161","69,179","60,982","14,181","7,975","6,206","1,04,383","58,282","46,101",882,778,90,95.23,84.16
9,UTTAR PRADESH,71,9,Loni (NPP),"5,12,296","2,73,859","2,38,437","76,231","40,450","35,781","3,28,096","1,94,048","1,34,048",871,885,75.24,83.14,66.15
9,UTTAR PRADESH,81,9,Khora (CT),"1,89,410","1,02,669","86,741","26,599","14,350","12,249","1,40,013","82,194","57,819",845,854,86,93.06,77.62
9,UTTAR PRADESH,7,9,Hapur (NPP),"2,62,801","1,39,694","1,23,107","36,714","19,822","16,892","1,70,325","98,394","71,931",881,852,75.34,82.08,67.72
9,UTTAR PRADESH,8,10,Noida (CT),"6,42,381","3,52,577","2,89,804","83,530","44,493","39,037","4,95,045","2,86,216","2,08,829",822,877,88.58,92.9,83.28
9,UTTAR PRADESH,8,10,Greater Noida (CT),"1,07,676","58,662","49,014","15,517","8,512","7,005","79,757","45,878","33,879",836,823,86.54,91.48,80.65
9,UTTAR PRADESH,71,11,Bulandshahr (NPP),"2,22,826","1,16,923","1,05,903","28,936","15,892","13,044","1,53,135","86,408","66,727",906,821,78.98,85.53,71.86
9,UTTAR PRADESH,71,11,Khurja (NPP),"1,11,089","58,577","52,512","15,510","8,502","7,008","64,643","37,048","27,595",896,824,67.63,73.99,60.64
9,UTTAR PRADESH,71,12,Aligarh (M Corp.),"8,72,575","4,63,123","4,09,452","1,13,658","60,620","53,038","5,33,969","3,03,886","2,30,083",884,875,70.36,75.5,64.55
9,UTTAR PRADESH,71,13,Hathras (NPP),"1,37,509","73,376","64,133","16,686","9,096","7,590","95,524","53,918","41,606",874,834,79.06,83.88,73.58
9,UTTAR PRADESH,71,14,Mathura (NPP),"3,49,336","1,86,586","1,62,750","41,888","22,536","19,352","2,35,976","1,34,597","1,01,379",872,859,76.75,82.05,70.7
9,UTTAR PRADESH,71,15,Agra (M Corp.),"15,74,542","8,49,771","7,24,771","1,86,516","1,05,279","81,237","8,80,530","5,03,805","3,76,725",853,772,63.44,67.67,58.54
9,UTTAR PRADESH,7,16,Firozabad (NPP),"6,03,797","3,21,624","2,82,173","82,439","43,543","38,896","3,65,347","2,08,434","1,56,913",877,893,70.08,74.95,64.5
9,UTTAR PRADESH,7,16,Shikohabad (NPP),"1,07,300","57,017","50,283","12,956","7,106","5,850","77,060","43,030","34,030",882,823,81.68,86.21,76.59
9,UTTAR PRADESH,71,17,Mainpuri (NPP),"1,17,327","61,481","55,846","14,300","7,735","6,565","88,548","48,215","40,333",908,849,85.95,89.71,81.84
9,UTTAR PRADESH,7,18,Budaun (NPP),"1,59,221","83,475","75,746","19,613","10,420","9,193","1,01,914","56,012","45,902",907,882,73,76.67,68.97
9,UTTAR PRADESH,71,19,Bareilly (M Corp.),"8,98,167","4,77,438","4,20,729","94,915","50,224","44,691","5,63,619","3,16,385","2,47,234",881,890,70.17,74.06,65.75
9,UTTAR PRADESH,71,20,Pilibhit (NPP),"1,30,428","68,855","61,573","11,767","6,138","5,629","88,119","48,060","40,059",894,917,74.26,76.63,71.61
9,UTTAR PRADESH,71,21,Shahjahanpur (NPP),"3,27,975","1,73,133","1,54,842","36,606","19,420","17,186","2,00,804","1,12,011","88,793",894,885,68.92,72.87,64.5
9,UTTAR PRADESH,71,22,Lakhimpur (NPP),"1,52,010","81,050","70,960","16,307","8,712","7,595","1,14,526","63,317","51,209",876,872,84.39,87.53,80.82
9,UTTAR PRADESH,71,23,Sitapur (NPP),"1,77,351","93,410","83,941","18,529","9,871","8,658","1,31,995","72,197","59,798",899,877,83.11,86.42,79.43
9,UTTAR PRADESH,71,24,Hardoi (NPP),"1,26,890","66,752","60,138","13,040","6,942","6,098","99,217","54,470","44,747",901,878,87.15,91.07,82.8
9,UTTAR PRADESH,7,25,Unnao (NPP),"1,78,681","94,080","84,601","18,604","9,949","8,655","1,34,018","73,411","60,607",899,870,83.72,87.26,79.8
9,UTTAR PRADESH,71,26,Lucknow (M Corp.),"28,15,601","14,70,133","13,45,468","2,80,817","1,47,690","1,33,127","21,47,564","11,61,250","9,86,314",915,901,84.72,87.81,81.36
9,UTTAR PRADESH,7,27,Rae Bareli (NPP),"1,91,056","99,844","91,212","18,866","9,886","8,980","1,42,863","78,519","64,344",914,908,82.97,87.28,78.25
9,UTTAR PRADESH,71,28,Farrukhabad-cum-Fatehgarh (NPP),"2,75,754","1,45,515","1,30,239","32,342","17,340","15,002","1,82,356","1,01,282","81,074",895,865,74.92,79.02,70.35
9,UTTAR PRADESH,7,30,Etawah (NPP),"2,56,790","1,35,829","1,20,961","28,922","15,521","13,401","1,88,887","1,04,612","84,275",891,863,82.89,86.95,78.35
9,UTTAR PRADESH,71,33,Kanpur (M Corp.),"27,67,031","15,02,370","12,64,661","2,51,127","1,35,498","1,15,629","21,16,973","11,72,323","9,44,650",842,853,84.14,85.77,82.21
9,UTTAR PRADESH,71,33,Kanpur (C,"1,08,035","58,505","49,530","10,750","5,617","5,133","77,484","44,086","33,398",847,914,79.65,83.36,75.23
9,UTTAR PRADESH,71,34,Orai (NPP),"1,87,185","99,564","87,621","20,031","10,859","9,172","1,39,256","79,478","59,778",880,845,83.31,89.6,76.2
9,UTTAR PRADESH,71,35,Jhansi (M Corp.),"5,07,293","2,68,101","2,39,192","51,762","27,715","24,047","3,81,771","2,14,375","1,67,396",892,868,83.81,89.18,77.81
9,UTTAR PRADESH,7,36,Lalitpur (NPP),"1,33,041","69,548","63,493","16,193","8,413","7,780","98,108","55,330","42,778",913,925,83.96,90.5,76.78
9,UTTAR PRADESH,71,39,Banda (NPP),"1,54,388","82,215","72,173","17,697","9,351","8,346","1,13,857","64,871","48,986",878,893,83.3,89.03,76.75
9,UTTAR PRADESH,7,41,Fatehpur (NPP),"1,93,801","1,01,620","92,181","22,078","11,850","10,228","1,33,418","74,561","58,857",907,863,77.69,83.06,71.82
9,UTTAR PRADESH,71,44,Allahabad (M Corp.),"11,17,094","6,01,363","5,15,731","1,02,556","54,660","47,896","8,77,590","4,93,181","3,84,409",858,876,86.5,90.21,82.17
9,UTTAR PRADESH,71,46,Faizabad (NPP),"1,67,544","87,279","80,265","16,479","8,658","7,821","1,30,700","70,243","60,457",920,903,86.52,89.34,83.45
9,UTTAR PRADESH,7,47,Akbarpur (NPP),"1,11,594","57,560","54,034","14,037","7,247","6,790","75,062","42,208","32,854",939,937,76.94,83.89,69.54
9,UTTAR PRADESH,71,48,Sultanpur (NPP),"1,07,914","56,674","51,240","11,266","5,975","5,291","85,656","46,736","38,920",904,886,88.63,92.18,84.7
9,UTTAR PRADESH,7,49,Bahraich (NPP),"1,86,241","98,529","87,712","22,828","12,046","10,782","1,22,602","66,544","56,058",890,895,75.03,76.94,72.87
9,UTTAR PRADESH,71,52,Gonda (NPP),"1,14,353","58,484","55,869","12,289","6,476","5,813","82,739","45,825","36,914",955,898,81.07,88.11,73.75
9,UTTAR PRADESH,7,54,Basti (NPP),"1,14,651","60,126","54,525","12,568","6,541","6,027","87,065","48,473","38,592",907,921,85.29,90.46,79.57
9,UTTAR PRADESH,71,57,Gorakhpur (M Corp.),"6,71,048","3,53,550","3,17,498","62,205","32,969","29,236","5,23,441","2,90,760","2,32,681",898,887,85.97,90.7,80.72
9,UTTAR PRADESH,7,59,Deoria (NPP),"1,29,570","67,754","61,816","13,821","7,243","6,578","1,02,802","56,719","46,083",912,908,88.81,93.73,83.43
9,UTTAR PRADESH,71,60,Azamgarh (NPP),"1,10,980","58,033","52,947","12,629","6,790","5,839","85,008","46,587","38,421",912,860,86.43,90.91,81.56
9,UTTAR PRADESH,7,61,Maunath Bhanjan (NPP),"2,79,060","1,43,273","1,35,787","40,651","20,820","19,831","1,87,382","1,02,802","84,580",948,952,78.6,83.95,72.94
9,UTTAR PRADESH,71,62,Ballia (NPP),"1,04,271","55,706","48,565","10,798","5,780","5,018","80,964","45,467","35,497",872,868,86.62,91.07,81.51
9,UTTAR PRADESH,7,63,Jaunpur (NPP),"1,68,128","88,704","79,424","18,033","9,449","8,584","1,23,245","68,005","55,240",895,908,82.11,85.81,77.98
9,UTTAR PRADESH,71,64,Ghazipur (NPP),"1,10,698","58,126","52,572","12,689","6,773","5,916","83,755","46,530","37,225",904,873,85.46,90.61,79.79
9,UTTAR PRADESH,71,65,Mughalsarai (NPP),"1,10,110","57,925","52,185","13,997","7,377","6,620","79,611","45,305","34,306",901,897,82.83,89.63,75.29
9,UTTAR PRADESH,71,66,Varanasi (M Corp.),"12,01,815","6,36,860","5,64,955","1,29,180","68,761","60,419","8,59,379","4,77,807","3,81,572",887,879,80.12,84.11,75.63
9,UTTAR PRADESH,71,68,Mirzapur-cum-Vindhyachal (NPP),"2,33,691","1,25,003","1,08,688","27,774","14,779","12,995","1,61,128","92,423","68,705",869,879,78.25,83.85,71.8
9,UTTAR PRADESH,71,70,Etah (NPP),"1,18,632","62,966","55,666","14,164","7,653","6,511","90,289","50,001","40,288",884,851,86.43,90.4,81.96
9,UTTAR PRADESH,7,71,Kasganj (NPP),"1,01,241","53,507","47,734","13,043","7,139","5,904","69,289","38,933","30,356",892,827,78.56,83.97,72.57
10,BIHAR,71,1,Bettiah (NP),"1,32,896","70,381","62,515","18,203","9,685","8,518","94,663","52,547","42,116",888,880,82.54,86.57,78
10,BIHAR,7,1,Bagaha (NP),"1,13,012","59,946","53,066","19,070","9,802","9,268","56,998","34,751","22,247",885,946,60.67,69.3,50.79
10,BIHAR,7,2,Motihari (NP),"1,25,183","67,438","57,745","16,325","8,891","7,434","94,926","52,904","42,022",856,836,87.2,90.36,83.52
10,BIHAR,7,8,Kishanganj (NP),"1,07,076","55,688","51,388","17,017","8,743","8,274","67,286","37,482","29,804",923,946,74.71,79.84,69.13
10,BIHAR,71,9,Purnia (M Corp.),"2,80,547","1,48,021","1,32,526","41,046","21,081","19,965","1,78,381","1,00,735","77,646",895,947,74.48,79.36,68.98
10,BIHAR,71,10,Katihar (M Corp.),"2,25,982","1,19,142","1,06,840","31,036","16,054","14,982","1,55,706","87,581","68,125",897,933,79.87,84.96,74.16
10,BIHAR,7,12,Saharsa (NP),"1,55,175","82,589","72,586","24,582","12,814","11,768","1,01,425","58,689","42,736",879,918,77.66,84.11,70.27
10,BIHAR,71,13,Darbhanga (M Corp.),"2,94,116","1,54,970","1,39,146","40,392","21,202","19,190","2,05,203","1,15,620","89,583",898,905,80.88,86.43,74.68
10,BIHAR,71,14,Muzaffarpur (M Corp.),"3,51,838","1,86,145","1,65,693","42,276","22,287","19,989","2,63,638","1,45,548","1,18,090",890,897,85.16,88.83,81.05
10,BIHAR,7,16,Siwan (NP),"1,34,458","70,670","63,788","17,632","9,440","8,192","98,898","56,152","42,746",903,868,84.65,91.71,76.89
10,BIHAR,71,17,Chapra (NP),"2,01,597","1,06,250","95,347","27,668","14,516","13,152","1,41,403","78,956","62,447",897,906,81.3,86.07,75.97
10,BIHAR,7,18,Hajipur (NP),"1,47,126","78,561","68,565","20,090","10,694","9,396","1,00,691","57,537","43,154",873,879,79.26,84.78,72.93
10,BIHAR,7,20,Begusarai (M Corp.),"2,51,136","1,33,931","1,17,205","37,966","20,012","17,954","1,69,161","96,459","72,702",875,897,79.35,84.67,73.25
10,BIHAR,71,22,Bhagalpur (M Corp.),"3,98,138","2,12,005","1,86,133","53,775","28,061","25,714","2,79,469","1,57,049","1,22,420",878,916,81.16,85.38,76.31
10,BIHAR,7,24,Munger (M Corp.),"2,13,101","1,13,173","99,928","29,260","15,323","13,937","1,50,435","84,571","65,864",883,910,81.83,86.43,76.59
10,BIHAR,7,24,Jamalpur (NP),"1,05,221","56,231","48,990","12,298","6,587","5,711","81,192","45,961","35,231",871,867,87.38,92.58,81.4
10,BIHAR,7,27,Biharsharif (M Corp.),"2,96,889","1,54,915","1,41,974","43,646","22,758","20,888","1,89,420","1,10,247","79,173",916,918,74.8,83.42,65.39
10,BIHAR,71,28,Patna (M Corp.),"16,83,200","8,94,158","7,89,042","1,90,496","1,02,208","88,288","12,64,523","6,94,580","5,69,943",882,864,84.71,87.71,81.33
10,BIHAR,71,28,Dinapur Nizamat (NP),"1,82,241","97,129","85,112","25,092","13,398","11,694","1,23,199","70,786","52,413",876,873,78.4,84.54,71.39
10,BIHAR,7,29,Arrah (M Corp.),"2,61,099","1,39,319","1,21,780","34,419","18,356","16,063","1,89,080","1,07,822","81,258",874,875,83.41,89.14,76.86
10,BIHAR,71,30,Buxar (NP),"1,02,591","54,123","48,468","13,639","7,260","6,379","75,752","42,601","33,151",896,879,85.16,90.91,78.76
10,BIHAR,7,32,Sasaram (NP),"1,47,396","77,687","69,709","19,363","10,189","9,174","1,05,378","58,900","46,478",897,900,82.31,87.26,76.78
10,BIHAR,7,32,Dehri (NP),"1,37,068","72,311","64,757","18,372","9,570","8,802","98,968","56,416","42,552",896,920,83.38,89.92,76.05
10,BIHAR,7,33,Aurangabad (NP),"1,01,520","53,307","48,213","14,292","7,548","6,744","75,796","42,338","33,458",904,893,86.89,92.52,80.68
10,BIHAR,71,34,Gaya (M Corp.),"4,63,454","2,45,764","2,17,690","59,015","30,966","28,049","3,46,747","1,94,377","1,52,370",886,906,85.74,90.49,80.35
10,BIHAR,7,37,Jehanabad (NP),"1,02,456","54,868","47,588","14,516","7,706","6,810","70,052","39,889","30,163",867,884,79.66,84.58,73.97
13,NAGALAND,7,5,Dimapur (MC),"1,23,777","65,017","58,760","14,438","7,345","7,093","95,646","51,604","44,042",904,966,87.48,89.48,85.24
14,MANIPUR ,71,99,Imphal (M Cl),"2,64,986","1,28,931","1,36,055","25,877","13,347","12,530","2,19,261","1,10,809","1,08,452",1055,939,91.7,95.87,87.8
15,MIZORAM,7,3,Aizawl (NT),"2,91,822","1,43,803","1,48,019","35,147","17,667","17,480","2,53,588","1,25,256","1,28,332",1029,989,98.8,99.3,98.31
16,TRIPURA,7,1,Agartala (M Cl),"3,99,688","1,99,616","2,00,072","33,635","17,341","16,294","3,43,633","1,74,524","1,69,109",1002,940,93.88,95.75,92.02
17,MEGHALAYA,71,6,Shillong Municipality (M),"1,43,007","70,028","72,979","13,792","7,120","6,672","1,19,313","59,420","59,893",1042,937,92.34,94.46,90.33
18,ASSAM,71,6,Nagaon (MB),"1,16,355","59,021","57,334","11,388","5,574","5,814","98,068","52,690","45,378",971,1043,93.43,98.58,88.08
18,ASSAM,71,11,Dibrugarh (MB),"1,38,661","72,044","66,617","11,862","6,114","5,748","1,13,822","60,782","53,040",925,940,89.77,92.19,87.14
18,ASSAM,71,17,Silchar (MB),"1,72,709","86,812","85,897","15,467","7,977","7,490","1,44,255","74,082","70,173",989,939,91.74,93.97,89.5
18,ASSAM,71,23,Guwahati (M Corp.),"9,63,429","5,02,255","4,61,174","86,806","43,217","43,589","7,98,726","4,26,401","3,72,325",918,1009,91.11,92.89,89.16
19,WEST BENGAL,71,99,Siliguri (M Corp.),"5,09,709","2,61,218","2,48,491","48,250","25,023","23,227","3,94,366","2,09,792","1,84,574",951,928,85.46,88.82,81.94
19,WEST BENGAL,71,1,Darjiling (M),"1,20,414","60,114","60,300","6,547","3,440","3,107","1,07,242","54,710","52,532",1003,903,94.18,96.53,91.85
19,WEST BENGAL,71,2,Jalpaiguri (M),"1,07,351","53,749","53,602","8,075","4,124","3,951","90,455","46,484","43,971",997,958,91.11,93.67,88.56
19,WEST BENGAL,81,2,Dabgram (P) (CT),"1,18,464","60,708","57,756","14,472","7,427","7,045","76,930","42,781","34,149",951,949,73.98,80.29,67.34
19,WEST BENGAL,71,4,Raiganj (M),"1,83,682","96,589","87,093","20,547","10,576","9,971","1,33,215","72,475","60,740",902,943,81.66,84.26,78.76
19,WEST BENGAL,71,5,Balurghat (M),"1,51,183","75,677","75,506","9,391","4,757","4,634","1,30,230","66,954","63,276",998,974,91.85,94.41,89.28
19,WEST BENGAL,71,6,English Bazar (M),"2,16,083","1,15,126","1,00,957","33,211","18,647","14,564","1,54,875","82,428","72,447",877,781,84.69,85.44,83.86
19,WEST BENGAL,71,7,Baharampur (M),"1,95,363","1,00,431","94,932","13,228","6,741","6,487","1,64,445","86,535","77,910",945,962,90.29,92.36,88.09
19,WEST BENGAL,71,9,Asansol (M Corp.),"5,64,491","2,93,748","2,70,743","56,014","29,363","26,651","4,31,300","2,36,683","1,94,617",922,908,84.82,89.52,79.73
19,WEST BENGAL,71,9,Kulti (M),"3,13,977","1,63,819","1,50,158","33,375","17,321","16,054","2,14,889","1,23,380","91,509",917,927,76.58,84.22,68.24
19,WEST BENGAL,71,9,Jamuria (M),"1,44,971","75,574","69,397","17,556","9,017","8,539","93,152","54,399","38,753",918,947,73.11,81.73,63.68
19,WEST BENGAL,71,9,Raniganj (M),"1,28,624","67,150","61,474","14,833","7,759","7,074","89,293","50,250","39,043",915,912,78.47,84.61,71.77
19,WEST BENGAL,71,9,Durgapur (M Corp.),"5,66,937","2,94,349","2,72,588","50,512","25,959","24,553","4,53,604","2,47,176","2,06,428",926,946,87.84,92.1,83.23
19,WEST BENGAL,71,9,Barddhaman (M),"3,14,638","1,60,631","1,54,007","22,104","11,394","10,710","2,60,564","1,38,067","1,22,497",959,940,89.07,92.52,85.48
19,WEST BENGAL,71,10,Nabadwip (M),"1,25,528","65,300","60,228","8,388","4,329","4,059","1,02,793","55,569","47,224",922,938,87.75,91.14,84.07
19,WEST BENGAL,71,10,Krishnanagar (M),"1,52,203","76,700","75,503","10,794","5,624","5,170","1,28,574","66,262","62,312",984,919,90.92,93.23,88.6
19,WEST BENGAL,71,10,Santipur (M),"1,51,774","77,044","74,730","12,975","6,565","6,410","1,13,028","60,420","52,608",970,976,81.43,85.73,77
19,WEST BENGAL,7,11,Bongaon (M),"1,10,668","56,416","54,252","8,452","4,387","4,065","92,253","48,799","43,454",962,927,90.25,93.79,86.58
19,WEST BENGAL,71,11,Habra (M),"1,49,675","76,510","73,165","11,211","5,799","5,412","1,25,800","66,495","59,305",956,933,90.85,94.04,87.53
19,WEST BENGAL,71,11,Ashokenagar Kalyangarh (M),"1,23,906","62,554","61,352","8,885","4,564","4,321","1,06,337","55,398","50,939",981,947,92.45,95.53,89.32
19,WEST BENGAL,71,11,Basirhat (M),"1,27,135","64,397","62,738","10,719","5,504","5,215","1,02,737","53,913","48,824",974,947,88.25,91.54,84.88
19,WEST BENGAL,7,13,Bankura (M),"1,38,036","70,734","67,302","10,760","5,502","5,258","1,11,073","60,272","50,801",951,956,87.27,92.4,81.88
19,WEST BENGAL,71,14,Puruliya (M),"1,21,436","62,520","58,916","11,491","5,877","5,614","90,534","50,276","40,258",942,955,82.34,88.76,75.53
19,WEST BENGAL,71,16,Kolkata (M Corp.),"44,86,679","23,62,662","21,24,017","3,00,052","1,55,475","1,44,577","36,48,210","19,66,122","16,82,088",899,930,87.14,89.08,84.98
19,WEST BENGAL,71,10,Kalyani (M),"1,00,620","50,867","49,753","7,604","3,890","3,714","82,553","43,591","38,962",978,955,88.75,92.79,84.63
19,WEST BENGAL,71,11,Rajarhat Gopalpur (M),"4,04,991","2,05,560","1,99,431","34,088","17,354","16,734","3,37,188","1,75,680","1,61,508",970,964,90.91,93.34,88.4
19,WEST BENGAL,71,11,Barasat (M),"2,83,443","1,43,732","1,39,711","21,468","10,932","10,536","2,36,881","1,23,692","1,13,189",972,964,90.42,93.14,87.62
19,WEST BENGAL,71,11,Madhyamgram (M),"1,98,964","1,00,611","98,353","15,248","7,769","7,479","1,65,630","86,682","78,948",978,963,90.16,93.37,86.88
19,WEST BENGAL,71,11,Kanchrapara (M),"1,22,181","61,770","60,411","8,532","4,406","4,126","1,03,194","54,213","48,981",978,936,90.8,94.51,87.02
19,WEST BENGAL,71,11,Halisahar (M),"1,26,893","66,654","60,239","10,600","5,513","5,087","1,03,789","56,921","46,868",904,923,89.25,93.1,84.98
19,WEST BENGAL,71,11,Naihati (M),"2,21,762","1,12,773","1,08,989","17,442","9,057","8,385","1,83,458","96,626","86,832",966,926,89.79,93.16,86.31
19,WEST BENGAL,71,11,Bhatpara (M),"3,90,467","2,07,876","1,82,591","32,498","16,879","15,619","3,07,362","1,72,042","1,35,320",878,925,85.86,90.08,81.04
19,WEST BENGAL,71,11,North Barrackpur (M),"1,34,825","68,136","66,689","8,265","4,310","3,955","1,19,954","61,810","58,144",979,918,94.78,96.84,92.68
19,WEST BENGAL,71,11,Barrackpur (M),"1,54,475","79,507","74,968","10,671","5,553","5,118","1,28,459","68,159","60,300",943,922,89.33,92.16,86.33
19,WEST BENGAL,71,11,Titagarh (M),"1,18,426","63,936","54,490","10,816","5,729","5,087","87,356","50,566","36,790",852,888,81.18,86.87,74.47
19,WEST BENGAL,71,11,Khardaha (M),"1,11,130","56,792","54,338","6,579","3,406","3,173","99,848","51,668","48,180",957,932,95.5,96.78,94.17
19,WEST BENGAL,71,11,Panihati (M),"3,83,522","1,93,333","1,90,189","24,678","12,599","12,079","3,32,924","1,71,788","1,61,136",984,959,92.78,95.05,90.47
19,WEST BENGAL,71,11,Kamarhati (M),"3,36,579","1,74,840","1,61,739","23,863","12,324","11,539","2,75,870","1,47,547","1,28,323",925,936,88.22,90.79,85.43
19,WEST BENGAL,71,11,Baranagar (M),"2,48,466","1,28,432","1,20,034","15,016","7,712","7,304","2,15,849","1,14,347","1,01,502",935,947,92.46,94.72,90.04
19,WEST BENGAL,71,11,South Dum Dum (M),"4,10,524","2,06,558","2,03,966","26,900","13,734","13,166","3,56,092","1,83,454","1,72,638",987,959,92.82,95.14,90.48
19,WEST BENGAL,71,11,North Dum Dum (M),"2,53,625","1,28,620","1,25,005","17,290","8,871","8,419","2,17,371","1,12,967","1,04,404",972,949,91.98,94.34,89.55
19,WEST BENGAL,71,11,Dum Dum (M),"1,17,637","61,039","56,598","6,678","3,484","3,194","1,03,757","54,153","49,604",927,917,93.51,94.09,92.88
19,WEST BENGAL,71,11,Bidhan Nagar (M),"2,18,323","1,11,363","1,06,960","12,786","6,500","6,286","1,85,885","97,604","88,281",960,967,90.44,93.08,87.69
19,WEST BENGAL,71,12,Bansberia (M),"1,03,799","53,807","49,992","8,721","4,518","4,203","81,514","44,671","36,843",929,930,85.73,90.63,80.46
19,WEST BENGAL,71,12,Hugli-Chinsurah (M),"1,77,209","88,952","88,257","11,409","5,763","5,646","1,52,437","78,780","73,657",992,980,91.94,94.7,89.16
19,WEST BENGAL,71,12,Bhadreswar (M),"1,01,334","53,318","48,016","8,981","4,674","4,307","80,249","44,493","35,756",901,921,86.89,91.47,81.8
19,WEST BENGAL,71,12,Champdani (M),"1,10,983","59,296","51,687","11,604","6,017","5,587","81,883","46,888","34,995",872,929,82.39,88,75.91
19,WEST BENGAL,71,12,Chandannagar (M Corp.),"1,66,949","84,257","82,692","10,716","5,514","5,202","1,41,572","73,393","68,179",981,943,90.62,93.21,87.98
19,WEST BENGAL,71,12,Baidyabati (M),"1,21,081","62,550","58,531","8,154","4,164","3,990","1,00,590","53,217","47,373",936,958,89.08,91.15,86.86
19,WEST BENGAL,71,12,Serampore (M),"1,83,339","94,514","88,825","12,817","6,547","6,270","1,53,460","81,592","71,868",940,958,89.99,92.75,87.05
19,WEST BENGAL,71,12,Rishra (M),"1,24,585","66,767","57,818","11,430","6,015","5,415","1,00,581","56,155","44,426",866,900,88.89,92.43,84.78
19,WEST BENGAL,71,12,Uttarpara Kotrung (M),"1,62,386","82,815","79,571","11,140","5,815","5,325","1,37,869","71,976","65,893",961,916,91.16,93.48,88.75
19,WEST BENGAL,71,15,Bally (M),"2,91,972","1,56,734","1,35,238","31,859","14,583","17,276","2,16,902","1,19,508","97,394",863,1185,83.39,84.07,82.56
19,WEST BENGAL,81,15,Bally (CT),"1,15,715","59,951","55,764","9,584","4,879","4,705","95,665","51,534","44,131",930,964,90.14,93.58,86.43
19,WEST BENGAL,71,15,Haora (M Corp.),"10,72,161","5,60,577","5,11,584","83,010","43,155","39,855","8,88,817","4,77,781","4,11,036",913,924,89.86,92.34,87.13
19,WEST BENGAL,71,15,Uluberia (M),"2,22,175","1,14,144","1,08,031","25,187","12,991","12,196","1,59,826","86,210","73,616",946,939,81.13,85.23,76.82
19,WEST BENGAL,71,17,Maheshtala (M),"4,49,423","2,31,044","2,18,379","43,469","22,210","21,259","3,35,440","1,79,762","1,55,678",945,957,82.63,86.08,78.98
19,WEST BENGAL,71,17,Rajpur Sonarpur (M),"4,23,806","2,15,983","2,07,823","31,588","16,186","15,402","3,57,154","1,88,374","1,68,780",962,952,91.06,94.28,87.71
19,WEST BENGAL,7,18,Medinipur (M),"1,69,127","85,362","83,765","14,365","7,259","7,106","1,39,303","72,948","66,355",981,979,90.01,93.4,86.56
19,WEST BENGAL,71,18,Kharagpur (M),"2,06,923","1,06,735","1,00,188","17,731","9,084","8,647","1,63,915","89,075","74,840",939,952,86.64,91.22,81.76
19,WEST BENGAL,7,19,Haldia (M),"2,00,762","1,04,852","95,910","21,122","10,799","10,323","1,59,984","88,125","71,859",915,956,89.06,93.7,83.96
20,JHARKHAND,71,4,Giridih (NP),"1,14,447","59,924","54,523","15,446","8,149","7,297","84,897","46,689","38,208",910,895,85.75,90.18,80.9
20,JHARKHAND,7,5,Deoghar (M Corp.),"2,03,116","1,08,243","94,873","25,929","13,907","12,022","1,53,807","87,540","66,267",876,864,86.8,92.8,79.98
20,JHARKHAND,71,9,Dhanbad (M Corp.),"11,61,561","6,15,589","5,45,972","1,46,463","76,767","69,696","8,20,008","4,73,787","3,46,221",887,908,80.78,87.93,72.69
20,JHARKHAND,81,10,Bokaro Steel City (CT),"4,13,934","2,20,088","1,93,846","48,834","26,058","22,776","3,10,127","1,79,188","1,30,939",881,874,84.94,92.35,76.54
20,JHARKHAND,71,10,Chas (NP),"1,41,618","75,027","66,591","17,774","9,423","8,351","1,05,417","60,459","44,958",888,886,85.12,92.16,77.19
20,JHARKHAND,71,12,Jamshedpur (NAC),"6,29,659","3,27,912","3,01,747","64,098","33,972","30,126","4,94,893","2,70,876","2,24,017",920,887,87.5,92.15,82.47
20,JHARKHAND,71,12,Mango (NAC),"2,24,002","1,16,243","1,07,759","28,258","14,769","13,489","1,69,548","92,914","76,634",927,913,86.62,91.56,81.29
20,JHARKHAND,71,15,Hazaribag (NP),"1,42,494","74,267","68,227","16,100","8,485","7,615","1,13,693","61,630","52,063",919,897,89.95,93.69,85.9
20,JHARKHAND,71,19,Ranchi (M Corp.),"10,73,440","5,59,031","5,14,409","1,22,353","64,446","57,907","8,41,652","4,59,317","3,82,335",920,899,88.49,92.87,83.75
20,JHARKHAND,7,24,Aditya (NP),"1,73,988","91,495","82,493","23,042","12,063","10,979","1,25,985","71,470","54,515",902,910,83.46,89.98,76.23
21,ORISSA,71,3,Sambalpur Town (M),"1,83,383","94,627","88,756","18,555","9,857","8,698","1,41,329","76,545","64,784",938,882,85.74,90.3,80.92
21,ORISSA,71,5,Raurkela Industrial Township (IT),"2,10,412","1,09,823","1,00,589","20,399","10,817","9,582","1,64,546","90,631","73,915",916,886,86.6,91.54,81.22
21,ORISSA,71,5,Raurkela Town (M),"2,73,217","1,44,949","1,28,268","29,050","15,297","13,753","2,14,744","1,19,761","94,983",885,899,87.95,92.37,82.94
21,ORISSA,71,7,Baripada Town (M),"1,10,058","57,008","53,050","9,933","5,228","4,705","89,421","48,388","41,033",931,900,89.31,93.45,84.88
21,ORISSA,71,8,Baleshwar Town (M),"1,18,202","60,308","57,894","11,115","5,685","5,430","95,084","50,372","44,712",960,955,88.79,92.22,85.22
21,ORISSA,71,9,Bhadrak (M),"1,07,369","55,094","52,275","12,251","6,285","5,966","76,928","41,628","35,300",949,949,80.88,85.29,76.23
21,ORISSA,71,12,Cuttack (M Corp.),"6,06,007","3,03,530","3,02,477","48,585","25,358","23,227","5,08,188","2,72,257","2,35,931",997,916,91.17,97.87,84.49
21,ORISSA,71,17,Bhubaneswar Town (M Corp.),"8,37,737","4,45,233","3,92,504","75,237","39,567","35,670","7,10,243","3,88,164","3,22,079",882,902,93.15,95.69,90.26
21,ORISSA,7,18,Puri Town (M),"2,01,026","1,04,267","96,759","17,000","8,939","8,061","1,64,481","88,504","75,977",928,902,89.38,92.84,85.66
21,ORISSA,7,19,Brahmapur Town (M Corp.),"3,55,823","1,85,584","1,70,239","29,509","15,544","13,965","2,93,818","1,59,550","1,34,268",917,898,90.04,93.83,85.92
22,CHHATTISGARH,71,2,Ambikapur (M Corp.),"1,14,575","59,673","54,902","12,995","6,887","6,108","89,590","48,950","40,640",920,887,88.2,92.73,83.29
22,CHHATTISGARH,71,4,Raigarh (M Corp.),"1,37,097","70,234","66,863","16,576","8,637","7,939","1,05,512","57,679","47,833",952,919,87.55,93.64,81.18
22,CHHATTISGARH,71,5,Korba (M Corp.),"3,63,210","1,88,514","1,74,696","45,354","23,426","21,928","2,67,900","1,51,701","1,16,199",927,936,84.28,91.89,76.06
22,CHHATTISGARH,71,7,Bilaspur (M Corp.),"3,30,106","1,69,738","1,60,368","36,448","19,167","17,281","2,60,654","1,41,169","1,19,485",945,902,88.76,93.76,83.51
22,CHHATTISGARH,7,9,Rajnandgaon (M Corp.),"1,63,122","81,873","81,249","18,677","9,610","9,067","1,27,042","68,134","58,908",992,943,87.95,94.29,81.61
22,CHHATTISGARH,71,10,Durg (M Corp.),"2,68,679","1,36,537","1,32,142","29,165","15,044","14,121","2,10,639","1,13,866","96,773",968,939,87.94,93.72,82
22,CHHATTISGARH,71,10,Bhilai Nagar (M Corp.),"6,25,697","3,22,254","3,03,443","67,131","35,011","32,120","4,87,242","2,67,487","2,19,755",942,917,87.23,93.12,80.99
22,CHHATTISGARH,71,11,Raipur (M Corp.),"10,10,087","5,19,286","4,90,801","1,24,471","64,522","59,949","7,69,593","4,20,155","3,49,438",945,929,86.9,92.39,81.1
22,CHHATTISGARH,7,15,Jagdalpur (M Corp.),"1,25,345","63,910","61,435","13,804","7,192","6,612","95,303","51,905","43,398",961,919,85.44,91.51,79.16
23,MADHYA PRADESH,7,2,Morena (M),"2,00,506","1,08,405","92,101","26,454","14,636","11,818","1,39,903","83,531","56,372",850,807,80.38,89.08,70.22
23,MADHYA PRADESH,7,3,Bhind (M),"1,97,332","1,05,394","91,938","24,486","13,319","11,167","1,45,530","83,903","61,627",872,838,84.2,91.12,76.3
23,MADHYA PRADESH,71,4,Gwalior (M Corp.),"10,53,505","5,60,887","4,92,618","1,14,190","62,516","51,674","8,00,325","4,52,788","3,47,537",878,827,85.2,90.85,78.82
23,MADHYA PRADESH,7,5,Datia (M),"1,00,466","52,931","47,535","12,218","6,553","5,665","71,071","40,482","30,589",898,864,80.54,87.29,73.06
23,MADHYA PRADESH,7,6,Shivpuri (M),"1,79,972","95,227","84,745","22,683","12,075","10,608","1,24,641","72,107","52,534",890,879,79.24,86.72,70.86
23,MADHYA PRADESH,71,8,Chhattarpur (M),"1,33,626","70,586","63,040","16,381","8,811","7,570","99,154","55,244","43,910",893,859,84.57,89.43,79.16
23,MADHYA PRADESH,71,10,Sagar (M Corp.),"2,73,357","1,42,655","1,30,702","32,171","16,725","15,446","2,17,632","1,19,068","98,564",916,924,90.23,94.55,85.52
23,MADHYA PRADESH,71,11,Damoh (M),"1,24,979","65,133","59,846","14,712","7,682","7,030","96,043","53,052","42,991",919,915,87.1,92.34,81.4
23,MADHYA PRADESH,71,12,Satna (M Corp.),"2,80,248","1,47,924","1,32,324","31,822","16,987","14,835","2,14,468","1,20,464","94,004",895,873,86.33,92,80.01
23,MADHYA PRADESH,7,13,Rewa (M Corp.),"2,35,422","1,24,634","1,10,788","24,234","13,131","11,103","1,85,291","1,03,599","81,692",889,846,87.74,92.91,81.95
23,MADHYA PRADESH,71,15,Neemuch (M),"1,28,108","67,322","60,786","14,950","7,809","7,141","97,156","54,829","42,327",903,914,85.86,92.13,78.9
23,MADHYA PRADESH,7,16,Mandsaur (M),"1,41,468","72,370","69,098","15,721","8,282","7,439","1,09,135","59,436","49,699",955,898,86.79,92.74,80.6
23,MADHYA PRADESH,71,17,Ratlam (M Corp.),"2,64,810","1,35,007","1,29,803","28,413","14,780","13,633","2,07,742","1,11,921","95,821",961,922,87.88,93.09,82.48
23,MADHYA PRADESH,7,18,Nagda (M),"1,00,036","51,410","48,626","11,053","5,840","5,213","72,618","40,765","31,853",946,893,81.61,89.46,73.37
23,MADHYA PRADESH,7,18,Ujjain (M Corp.),"5,15,215","2,65,291","2,49,924","57,630","30,007","27,623","3,91,470","2,14,481","1,76,989",942,921,85.55,91.16,79.62
23,MADHYA PRADESH,7,20,Dewas (M Corp.),"2,89,438","1,50,193","1,39,245","34,435","18,117","16,318","2,18,877","1,22,388","96,489",927,901,85.83,92.66,78.49
23,MADHYA PRADESH,7,21,Pithampur (M),"1,26,099","70,577","55,522","20,438","10,872","9,566","87,417","54,030","33,387",787,880,82.73,90.49,72.65
23,MADHYA PRADESH,71,22,Indore (M Corp.),"19,60,631","10,20,883","9,39,748","2,25,111","1,19,354","1,05,757","15,16,434","8,27,975","6,88,459",921,886,87.38,91.84,82.55
23,MADHYA PRADESH,71,23,Khargone (M),"1,06,452","54,684","51,768","13,378","7,020","6,358","77,216","42,390","34,826",947,906,82.96,88.94,76.69
23,MADHYA PRADESH,7,26,Vidisha (M),"1,55,959","81,424","74,535","19,360","10,122","9,238","1,18,678","65,802","52,876",915,913,86.88,92.29,80.98
23,MADHYA PRADESH,71,27,Bhopal (M Corp.),"17,95,648","9,39,560","8,56,088","2,06,967","1,07,945","99,022","13,54,219","7,41,737","6,12,482",911,917,85.24,89.19,80.9
23,MADHYA PRADESH,71,28,Sehore (M),"1,08,818","56,284","52,534","12,859","6,743","6,116","82,066","44,937","37,129",933,907,85.52,90.71,79.99
23,MADHYA PRADESH,7,30,Betul (M),"1,03,341","52,902","50,439","11,005","5,772","5,233","83,356","44,429","38,927",953,907,90.27,94.27,86.11
23,MADHYA PRADESH,7,32,Hoshangabad (M),"1,17,956","61,610","56,346","13,012","6,964","6,048","92,317","50,943","41,374",915,868,87.97,93.22,82.26
23,MADHYA PRADESH,7,33,Murwara (Katni) (M Corp.),"2,21,875","1,15,463","1,06,412","25,168","13,299","11,869","1,71,966","94,777","77,189",922,892,87.42,92.77,81.64
23,MADHYA PRADESH,71,34,Jabalpur (M Corp.),"10,54,336","5,46,561","5,07,775","1,07,882","56,746","51,136","8,41,399","4,53,820","3,87,579",929,901,88.9,92.65,84.88
23,MADHYA PRADESH,71,38,Chhindwara (M),"1,38,266","70,444","67,822","13,745","7,062","6,683","1,12,532","59,892","52,640",963,946,90.37,94.49,86.1
23,MADHYA PRADESH,7,39,Seoni (M),"1,02,377","52,354","50,023","10,413","5,467","4,946","83,832","44,862","38,970",955,905,91.16,95.68,86.45
23,MADHYA PRADESH,7,41,Guna (M),"1,80,978","94,645","86,333","23,757","12,658","11,099","1,28,463","73,169","55,294",912,877,81.71,89.24,73.5
23,MADHYA PRADESH,7,46,Singrauli (M Corp.),"2,20,295","1,17,276","1,03,019","29,569","15,438","14,131","1,47,527","87,870","59,657",878,915,77.35,86.28,67.11
23,MADHYA PRADESH,7,49,Khandwa (M Corp.),"2,00,681","1,02,873","97,808","24,079","12,659","11,420","1,53,609","82,575","71,034",951,902,86.98,91.53,82.23
23,MADHYA PRADESH,7,50,Burhanpur (M Corp.),"2,10,891","1,08,234","1,02,657","28,107","14,628","13,479","1,49,339","80,909","68,430",948,921,81.7,86.44,76.73
24,GUJARAT,71,7,Ahmadabad (M Corp.),"55,70,585","29,35,869","26,34,716","5,89,076","3,17,917","2,71,159","44,64,303","24,59,823","20,04,480",897,853,89.62,93.96,84.81
24,GUJARAT,71,6,Kalol (M),"1,12,126","59,380","52,746","12,035","6,572","5,463","88,768","49,439","39,329",888,831,88.69,93.62,83.18
24,GUJARAT,71,6,Gandhinagar (NA),"2,08,299","1,09,479","98,820","18,851","10,423","8,428","1,77,510","95,640","81,870",903,809,93.7,96.55,90.57
24,GUJARAT,71,1,Bhuj (M),"1,47,123","77,900","69,223","15,894","8,365","7,529","1,14,822","64,172","50,650",889,900,87.5,92.29,82.1
24,GUJARAT,7,1,Gandhidham (M),"2,48,705","1,32,388","1,16,317","31,224","16,352","14,872","1,81,253","1,04,073","77,180",879,909,83.34,89.69,76.08
24,GUJARAT,71,2,Palanpur (M),"1,27,125","66,384","60,741","14,382","7,810","6,572","97,459","55,139","42,320",915,841,86.44,94.14,78.13
24,GUJARAT,7,2,Deesa (M),"1,11,149","58,724","52,425","14,192","7,790","6,402","78,219","45,479","32,740",893,822,80.67,89.29,71.14
24,GUJARAT,71,3,Patan (M),"1,25,502","65,628","59,874","12,287","6,589","5,698","99,129","55,294","43,835",912,865,87.56,93.66,80.91
24,GUJARAT,71,4,Mahesana (M),"1,84,133","97,212","86,921","17,337","9,838","7,499","1,51,773","83,642","68,131",894,762,90.99,95.73,85.78
24,GUJARAT,71,8,Surendranagar Dudhrej (M),"1,77,827","92,728","85,099","18,599","9,982","8,617","1,35,879","75,906","59,973",918,863,85.34,91.73,78.41
24,GUJARAT,71,9,Morvi (M),"1,88,278","97,860","90,418","21,854","11,736","10,118","1,40,779","77,826","62,953",924,862,84.59,90.37,78.4
24,GUJARAT,71,9,Rajkot (M. Corp),"12,86,995","6,75,731","6,11,264","1,31,841","72,139","59,702","10,26,040","5,59,369","4,66,671",905,828,88.82,92.67,84.61
24,GUJARAT,7,9,Gondal (M),"1,12,064","58,417","53,647","11,591","6,358","5,233","86,139","47,112","39,027",918,823,85.73,90.5,80.61
24,GUJARAT,7,9,Jetpur Navagadh (M),"1,18,550","62,331","56,219","12,295","6,684","5,611","89,110","49,677","39,433",902,839,83.86,89.27,77.92
24,GUJARAT,71,10,Jamnagar (M Corp.),"5,29,308","2,76,202","2,53,106","51,106","27,452","23,654","3,94,919","2,16,330","1,78,589",916,862,82.58,86.97,77.83
24,GUJARAT,71,11,Porbandar (M),"1,52,136","78,490","73,646","13,867","7,415","6,452","1,19,545","65,171","54,374",938,870,86.46,91.69,80.92
24,GUJARAT,71,12,Veraval (M),"1,53,696","78,161","75,535","17,107","9,003","8,104","1,06,540","59,874","46,666",966,900,78,86.58,69.21
24,GUJARAT,7,12,Junagadh (M Corp.),"3,20,250","1,64,091","1,56,159","27,375","14,651","12,724","2,59,563","1,39,317","1,20,246",952,868,88.63,93.23,83.83
24,GUJARAT,71,13,Amreli (M),"1,05,980","55,166","50,814","9,885","5,386","4,499","85,975","46,721","39,254",921,835,89.47,93.85,84.75
24,GUJARAT,71,14,Bhavnagar (M Corp.),"5,93,768","3,09,447","2,84,321","62,089","33,775","28,314","4,55,242","2,51,860","2,03,382",919,838,85.62,91.36,79.44
24,GUJARAT,7,14,Botad (M),"1,30,302","67,778","62,524","16,654","8,889","7,765","94,563","53,275","41,288",922,874,83.21,90.47,75.4
24,GUJARAT,71,15,Anand (M),"1,97,351","1,02,359","94,992","19,993","10,631","9,362","1,66,211","88,444","77,767",928,881,93.71,96.42,90.82
24,GUJARAT,71,16,Nadiad (M),"2,18,150","1,12,381","1,05,769","19,994","10,804","9,190","1,74,931","94,468","80,463",941,851,88.28,93,83.31
24,GUJARAT,71,17,Godhra (M),"1,43,126","73,868","69,258","17,364","9,045","8,319","1,11,571","60,797","50,774",938,920,88.72,93.79,83.32
24,GUJARAT,71,19,Vadodara (M Corp.),"16,66,703","8,66,701","8,00,002","1,56,480","84,307","72,173","13,94,952","7,47,280","6,47,672",923,856,92.37,95.51,88.99
24,GUJARAT,71,21,Bharuch (M),"1,68,729","86,887","81,842","16,106","8,406","7,700","1,33,796","71,671","62,125",942,916,87.66,91.32,83.79
24,GUJARAT,71,23,Navsari (M),"1,60,100","82,925","77,175","15,754","8,427","7,327","1,28,822","69,437","59,385",931,869,89.25,93.21,85.02
24,GUJARAT,71,24,Valsad (M),"1,14,987","58,958","56,029","9,609","5,119","4,490","97,687","51,447","46,240",950,877,92.7,95.56,89.72
24,GUJARAT,71,25,Surat (M Corp.),"44,62,002","25,38,243","19,23,759","5,31,522","2,93,208","2,38,314","34,99,228","20,82,588","14,16,640",758,813,89.03,92.76,84.05
27,MAHARASHTRA,7,1,Nandurbar (M Cl),"1,11,067","57,543","53,524","12,621","6,868","5,753","85,635","46,673","38,962",930,838,86.99,92.1,81.56
27,MAHARASHTRA,7,2,Dhule (M Corp.),"3,76,093","1,93,854","1,82,239","43,677","23,246","20,431","2,98,693","1,60,511","1,38,182",940,879,89.86,94.08,85.4
27,MAHARASHTRA,7,3,Jalgaon (M Corp.),"4,60,468","2,41,228","2,19,240","51,544","28,548","22,996","3,63,778","1,98,426","1,65,352",909,806,88.96,93.3,84.26
27,MAHARASHTRA,71,3,Bhusawal (M Cl),"1,87,750","96,655","91,095","19,440","10,496","8,944","1,52,103","81,544","70,559",942,852,90.37,94.64,85.89
27,MAHARASHTRA,7,5,Akola (M Corp.),"4,27,146","2,18,184","2,08,962","46,500","24,488","22,012","3,47,687","1,83,594","1,64,093",958,899,91.34,94.78,87.77
27,MAHARASHTRA,7,7,Achalpur (M Cl),"1,12,293","58,256","54,037","11,810","6,186","5,624","92,433","49,347","43,086",928,909,91.99,94.77,89
27,MAHARASHTRA,7,7,Amravati (M Corp.),"6,46,801","3,30,544","3,16,257","62,497","32,713","29,784","5,43,568","2,84,490","2,59,078",957,910,93.03,95.52,90.44
27,MAHARASHTRA,7,8,Wardha (M Cl),"1,05,543","53,241","52,302","9,754","5,139","4,615","90,091","46,752","43,339",982,898,94.05,97.19,90.88
27,MAHARASHTRA,7,8,Hinganghat (M Cl),"1,00,416","51,881","48,535","9,681","5,175","4,506","85,599","45,728","39,871",936,871,94.34,97.91,90.56
27,MAHARASHTRA,71,9,Nagpur (M Corp.),"24,05,421","12,26,610","11,78,811","2,37,865","1,23,851","1,14,014","20,18,598","10,60,359","9,58,239",961,921,93.13,96.16,89.99
27,MAHARASHTRA,7,11,Gondiya (M Cl),"1,32,889","66,756","66,133","12,835","6,652","6,183","1,12,490","58,721","53,769",991,929,93.7,97.7,89.69
27,MAHARASHTRA,7,13,Chandrapur (M Cl),"3,21,036","1,65,125","1,55,911","30,353","15,921","14,432","2,63,962","1,42,528","1,21,434",944,906,90.81,95.53,85.83
27,MAHARASHTRA,71,14,Yavatmal (M Cl),"1,16,714","58,717","57,997","11,081","5,894","5,187","96,980","50,419","46,561",988,880,91.81,95.45,88.17
27,MAHARASHTRA,7,15,Nanded Waghala (M Corp.),"5,50,564","2,86,152","2,64,412","68,181","36,417","31,764","4,21,606","2,31,449","1,90,157",924,872,87.4,92.68,81.74
27,MAHARASHTRA,7,17,Parbhani (M Cl),"3,07,191","1,57,628","1,49,563","40,075","21,187","18,888","2,25,298","1,23,760","1,01,538",949,891,84.34,90.71,77.7
27,MAHARASHTRA,7,18,Jalna (M Cl),"2,85,349","1,47,714","1,37,635","37,695","19,982","17,713","2,09,531","1,16,300","93,231",932,886,84.61,91.05,77.74
27,MAHARASHTRA,71,19,Aurangabad (M Corp.),"11,71,330","6,10,377","5,60,953","1,51,827","81,671","70,156","9,08,725","4,97,404","4,11,321",919,859,89.13,94.08,83.81
27,MAHARASHTRA,71,20,Nashik (M Corp.),"14,86,973","7,84,995","7,01,978","1,69,753","91,457","78,296","11,98,144","6,58,585","5,39,559",894,856,90.96,94.96,86.51
27,MAHARASHTRA,71,20,Malegoan (M Corp.),"4,71,006","2,39,243","2,31,763","74,494","38,387","36,107","3,43,611","1,81,084","1,62,527",969,941,86.66,90.16,83.07
27,MAHARASHTRA,7,21,Vasai Virar City (M Corp.),"12,21,233","6,49,535","5,71,698","1,37,343","71,716","65,627","9,87,916","5,48,138","4,39,778",880,915,91.15,94.86,86.9
27,MAHARASHTRA,71,21,Bhiwandi (M Corp.),"7,11,329","4,18,478","2,92,851","88,613","45,820","42,793","5,07,722","3,14,906","1,92,816",700,934,81.53,84.5,77.11
27,MAHARASHTRA,71,99,Greater Mumbai (M Corp.),"1,24,78,447","67,36,815","57,41,632","11,39,146","5,99,007","5,40,139","1,02,37,586","57,27,774","45,09,812",852,902,90.28,93.32,86.7
27,MAHARASHTRA,71,21,Mira-Bhayander (M Corp.),"8,14,655","4,34,330","3,80,325","84,238","44,688","39,550","6,84,165","3,75,671","3,08,494",876,885,93.67,96.41,90.53
27,MAHARASHTRA,71,21,Thane (M Corp.),"18,18,872","9,66,293","8,52,579","1,86,259","98,017","88,242","14,91,552","8,17,828","6,73,724",882,900,91.36,94.19,88.14
27,MAHARASHTRA,71,21,Navi Mumbai (M Corp.),"11,19,477","6,11,501","5,07,976","1,24,015","65,230","58,785","9,11,542","5,19,257","3,92,285",831,901,91.57,95.05,87.33
27,MAHARASHTRA,71,21,Kalyan-Dombivali (M Corp.),"12,46,381","6,50,075","5,96,306","1,17,167","61,919","55,248","10,50,798","5,65,304","4,85,494",917,892,93.06,96.11,89.73
27,MAHARASHTRA,71,21,Ulhasnagar (M Corp.),"5,06,937","2,70,373","2,36,564","48,513","25,492","23,021","4,08,959","2,27,975","1,80,984",875,903,89.21,93.1,84.75
27,MAHARASHTRA,71,21,Ambernath (M Cl),"2,54,003","1,33,006","1,20,997","27,465","14,406","13,059","2,01,707","1,11,273","90,434",910,906,89.04,93.82,83.78
27,MAHARASHTRA,71,21,Badalapur (M Cl),"1,75,516","91,695","83,821","17,194","9,096","8,098","1,46,259","78,910","67,349",914,890,92.38,95.53,88.94
27,MAHARASHTRA,7,24,Panvel (M Cl),"1,80,464","93,135","87,329","17,512","9,213","8,299","1,53,138","80,790","72,348",938,901,93.98,96.27,91.54
27,MAHARASHTRA,8,24,Navi Mumbai Panvel Raigad (CT),"1,94,999","1,07,771","87,228","25,679","13,633","12,046","1,53,608","88,833","64,775",809,884,90.72,94.36,86.16
27,MAHARASHTRA,71,25,Pune (M Corp.),"31,15,431","16,02,137","15,13,294","3,24,572","1,71,152","1,53,420","25,56,743","13,61,257","11,95,486",945,896,91.61,95.13,87.91
27,MAHARASHTRA,71,25,Pimpri-Chinchwad (M Corp.),"17,29,359","9,45,953","7,83,406","2,16,695","1,16,421","1,00,274","13,74,986","7,84,984","5,90,002",828,861,90.9,94.63,86.37
27,MAHARASHTRA,71,26,Ahmadnagar (M Corp.),"3,50,905","1,79,755","1,71,150","36,712","19,748","16,964","2,87,468","1,52,819","1,34,649",952,859,91.49,95.51,87.33
27,MAHARASHTRA,7,27,Bid (M Cl),"1,46,237","75,655","70,582","19,580","10,626","8,954","1,12,171","61,135","51,036",933,843,88.56,94.01,82.81
27,MAHARASHTRA,7,28,Latur (M Cl),"3,82,754","1,98,151","1,84,603","45,822","24,773","21,049","2,91,226","1,60,070","1,31,156",932,850,86.43,92.32,80.19
27,MAHARASHTRA,7,28,Udgir (M Cl),"1,04,063","54,445","49,618","13,075","6,933","6,142","78,051","43,518","34,533",911,886,85.78,91.59,79.43
27,MAHARASHTRA,7,29,Osmanabad (M Cl),"1,12,085","58,098","53,987","13,346","7,184","6,162","87,041","47,577","39,464",929,858,88.15,93.45,82.52
27,MAHARASHTRA,7,30,Barshi (M Cl),"1,18,573","60,857","57,716","13,029","7,060","5,969","91,260","49,965","41,295",948,845,86.47,92.88,79.8
27,MAHARASHTRA,7,30,Solapur (M Corp.),"9,51,118","4,82,194","4,68,924","1,04,466","54,728","49,738","7,10,180","3,90,335","3,19,845",972,909,83.88,91.31,76.3
27,MAHARASHTRA,71,31,Satara (M Cl),"1,20,079","61,075","59,004","11,023","5,833","5,190","1,01,320","53,241","48,079",966,890,92.91,96.38,89.34
27,MAHARASHTRA,71,34,Ichalkaranji (M Cl),"2,87,570","1,49,691","1,37,879","32,880","17,402","15,478","2,23,752","1,23,878","99,874",921,889,87.85,93.64,81.6
27,MAHARASHTRA,71,34,Kolapur (M Corp.),"5,49,283","2,80,820","2,68,463","49,914","27,245","22,669","4,59,999","2,44,256","2,15,743",956,832,92.12,96.32,87.77
27,MAHARASHTRA,71,35,Sangli Miraj Kupwad (M Corp.),"5,02,697","2,55,270","2,47,427","51,536","27,524","24,012","3,97,395","2,12,703","1,84,692",969,872,88.08,93.39,82.67
28,ANDHRA PRADESH,71,1,Adilabad (M),"1,17,388","59,232","58,156","13,103","6,731","6,372","83,955","46,295","37,660",982,947,80.51,88.18,72.73
28,ANDHRA PRADESH,7,2,Nizamabad (M Corp.),"3,10,467","1,55,163","1,55,304","34,256","17,408","16,848","2,21,829","1,19,603","1,02,226",1001,968,80.31,86.82,73.83
28,ANDHRA PRADESH,71,3,Ramagundam (M),"2,29,632","1,16,920","1,12,712","16,967","8,946","8,021","1,60,646","89,722","70,924",964,897,75.54,83.1,67.75
28,ANDHRA PRADESH,71,3,Karimnagar (M Corp.),"2,60,899","1,31,769","1,29,130","25,035","12,831","12,204","2,04,614","1,10,146","94,468",980,951,86.75,92.61,80.79
28,ANDHRA PRADESH,71,99,Greater Hyderabad (M Corp.),"68,09,970","35,00,802","33,09,168","7,25,816","3,73,794","3,52,022","50,47,705","26,88,111","23,59,594",945,942,82.96,85.96,79.79
28,ANDHRA PRADESH,71,5,Secunderabad (CB),"2,13,698","1,11,664","1,02,034","19,802","10,113","9,689","1,70,148","92,956","77,192",914,958,87.75,91.54,83.59
28,ANDHRA PRADESH,71,7,Mahbubnagar (M),"1,57,902","79,423","78,479","16,791","8,761","8,030","1,19,626","64,187","55,439",988,917,84.77,90.84,78.69
28,ANDHRA PRADESH,71,8,Suryapet (M),"1,05,250","52,138","53,112","9,388","4,822","4,566","81,366","43,143","38,223",1019,947,84.88,91.18,78.74
28,ANDHRA PRADESH,71,8,Nalgonda (M),"1,35,163","67,749","67,414","13,562","6,924","6,638","1,05,885","56,100","49,785",995,959,87.08,92.23,81.92
28,ANDHRA PRADESH,71,8,Miryalaguda (M),"1,03,855","52,048","51,807","10,435","5,357","5,078","76,693","41,697","34,996",995,948,82.09,89.3,74.89
28,ANDHRA PRADESH,71,9,Warangal (M Corp.),"6,20,116","3,10,400","3,09,716","55,392","28,434","26,958","4,75,247","2,58,111","2,17,136",998,948,84.16,91.54,76.79
28,ANDHRA PRADESH,71,10,"Khammam (M) 
","1,84,252","91,019","93,233","17,131","8,876","8,255","1,36,532","71,580","64,952",1024,930,81.7,87.14,76.43
28,ANDHRA PRADESH,71,11,Srikakulam (M),"1,26,003","62,583","63,420","11,001","5,686","5,315","97,904","52,029","45,875",1013,935,85.13,91.44,78.95
28,ANDHRA PRADESH,71,12,Vizianagaram (M),"2,27,533","1,11,596","1,15,937","20,487","10,495","9,992","1,69,461","89,155","80,306",1039,952,81.85,88.18,75.8
28,ANDHRA PRADESH,7,13,GVMC (MC),"17,30,320","8,75,199","8,55,121","1,58,924","81,119","77,805","12,98,896","6,98,959","5,99,937",977,959,82.66,88.02,77.18
28,ANDHRA PRADESH,71,14,Rajahmundry (M Corp.),"3,43,903","1,69,786","1,74,117","29,883","15,152","14,731","2,64,653","1,36,288","1,28,365",1026,972,84.28,88.14,80.54
28,ANDHRA PRADESH,71,14,Kakinada (M Corp.),"3,12,255","1,52,596","1,59,659","27,181","13,777","13,404","2,31,559","1,17,829","1,13,730",1046,973,81.23,84.88,77.76
28,ANDHRA PRADESH,71,15,Tadepalligudem (M),"1,03,577","51,176","52,401","9,048","4,662","4,386","78,557","40,283","38,274",1024,941,83.1,86.6,79.71
28,ANDHRA PRADESH,71,15,Eluru (M Corp.),"2,14,414","1,05,707","1,08,707","18,125","9,048","9,077","1,45,516","74,521","70,995",1028,1003,74.13,77.1,71.26
28,ANDHRA PRADESH,71,15,Bhimavaram (M),"1,42,280","70,066","72,214","12,157","6,149","6,008","1,08,535","55,523","53,012",1031,977,83.41,86.87,80.07
28,ANDHRA PRADESH,71,16,Vijayawada (M Corp.),"10,48,240","5,24,918","5,23,322","92,848","47,582","45,266","7,89,038","4,11,677","3,77,361",997,951,82.59,86.24,78.94
28,ANDHRA PRADESH,7,16,Gudivada (M),"1,18,289","58,941","59,348","9,952","5,081","4,871","89,009","46,529","42,480",1007,959,82.16,86.39,77.98
28,ANDHRA PRADESH,7,16,Machilipatnam (M),"1,70,008","83,561","86,447","13,778","7,076","6,702","1,30,173","66,337","63,836",1035,947,83.32,86.73,80.05
28,ANDHRA PRADESH,71,17,Narasaraopet (M),"1,16,329","58,898","57,431","10,445","5,390","5,055","84,123","45,796","38,327",975,938,79.45,85.59,73.18
28,ANDHRA PRADESH,71,17,Guntur (M Corp.),"6,51,382","3,23,151","3,28,231","59,486","30,307","29,179","4,80,068","2,52,677","2,27,391",1016,963,81.11,86.28,76.04
28,ANDHRA PRADESH,7,17,Chilakaluripet (M),"1,01,550","50,201","51,349","9,525","4,916","4,609","66,336","36,472","29,864",1023,938,72.08,80.54,63.89
28,ANDHRA PRADESH,7,17,Tenali (M),"1,64,649","81,324","83,325","13,040","6,630","6,410","1,25,275","64,968","60,307",1025,967,82.63,86.98,78.41
28,ANDHRA PRADESH,71,18,Ongole (M),"2,02,826","1,01,728","1,01,098","18,673","9,651","9,022","1,53,888","82,322","71,566",994,935,83.57,89.41,77.72
28,ANDHRA PRADESH,71,19,Nellore (M Corp.),"5,05,258","2,57,043","2,48,215","42,041","21,701","20,340","3,87,192","2,05,988","1,81,204",966,937,83.59,87.53,79.52
28,ANDHRA PRADESH,71,20,Proddatur (M),"1,62,816","81,368","81,448","15,516","7,999","7,517","1,15,011","63,111","51,900",1001,940,78.08,86.02,70.2
28,ANDHRA PRADESH,71,20,Kadapa (M Corp.),"3,41,823","1,71,797","1,70,026","36,299","18,876","17,423","2,42,540","1,31,847","1,10,693",990,923,79.38,86.22,72.54
28,ANDHRA PRADESH,71,21,Kurnool (M Corp.),"4,24,920","2,11,875","2,13,045","44,264","22,875","21,389","2,97,490","1,58,744","1,38,746",1006,935,78.15,83.99,72.39
28,ANDHRA PRADESH,71,21,Adoni (M),"1,66,537","82,743","83,794","18,406","9,355","9,051","1,01,292","56,203","45,089",1013,968,68.38,76.58,60.33
28,ANDHRA PRADESH,71,21,Nandyal (M),"2,00,746","1,00,770","99,976","20,588","10,723","9,865","1,38,525","75,749","62,776",992,920,76.89,84.12,69.67
28,ANDHRA PRADESH,71,22,Anantapur (M Corp.),"2,62,340","1,31,506","1,30,834","23,630","12,409","11,221","1,95,452","1,05,452","90,000",995,904,81.88,88.54,75.24
28,ANDHRA PRADESH,7,22,Guntakal (M),"1,26,479","62,695","63,784","12,614","6,495","6,119","86,197","47,471","38,726",1017,942,75.7,84.47,67.16
28,ANDHRA PRADESH,7,22,Tadpatri (M),"1,08,249","54,027","54,222","11,325","5,813","5,512","69,948","39,781","30,167",1004,948,72.17,82.51,61.93
28,ANDHRA PRADESH,7,22,Dharmavaram (M),"1,21,992","62,186","59,806","11,963","6,441","5,522","79,037","45,025","34,012",962,857,71.83,80.77,62.66
28,ANDHRA PRADESH,7,22,Hindupur (M),"1,51,835","76,625","75,210","16,309","8,263","8,046","1,03,538","56,177","47,361",982,974,76.4,82.18,70.52
28,ANDHRA PRADESH,71,23,Tirupati (M Corp.),"2,87,035","1,45,977","1,41,058","24,643","12,869","11,774","2,29,730","1,23,449","1,06,281",966,915,87.55,92.74,82.21
28,ANDHRA PRADESH,71,23,Madanapalle (M),"1,35,669","67,432","68,237","13,448","6,944","6,504","99,486","52,994","46,492",1012,937,81.4,87.61,75.31
28,ANDHRA PRADESH,71,23,Chittoor (M),"1,53,766","76,566","77,200","13,569","7,112","6,457","1,21,094","63,681","57,413",1008,908,86.37,91.69,81.16
29,KARNATAKA,71,1,Belgaum (M Corp.),"4,88,292","2,46,407","2,41,885","49,848","25,749","24,099","3,96,736","2,08,546","1,88,190",982,936,90.49,94.51,86.41
29,KARNATAKA,7,2,Bagalkot (CMC),"1,12,068","56,837","55,231","12,399","6,476","5,923","85,860","46,623","39,237",972,915,86.15,92.58,79.58
29,KARNATAKA,7,3,Bijapur (CMC),"3,26,360","1,65,122","1,61,238","39,134","20,482","18,652","2,39,631","1,28,615","1,11,016",976,911,83.43,88.92,77.86
29,KARNATAKA,71,4,Bidar (CMC),"2,11,944","1,09,435","1,02,509","25,077","13,103","11,974","1,63,781","89,472","74,309",937,914,87.65,92.88,82.08
29,KARNATAKA,7,5,Raichur (CMC),"2,32,456","1,17,408","1,15,048","27,924","14,286","13,638","1,58,452","86,973","71,479",980,955,77.47,84.34,70.49
29,KARNATAKA,71,6,Gangawati (CMC),"1,05,354","52,678","52,676","13,122","6,709","6,413","70,630","39,027","31,603",1000,956,76.58,84.9,68.31
29,KARNATAKA,7,7,Gadag-Betigeri (CMC),"1,72,813","86,165","86,648","18,419","9,519","8,900","1,32,094","70,035","62,059",1006,935,85.56,91.37,79.82
29,KARNATAKA,7,8,Hubli-Dharwad *(M Corp.),"9,43,857","4,75,980","4,67,877","99,989","51,293","48,696","7,36,506","3,89,290","3,47,216",983,949,87.28,91.67,82.83
29,KARNATAKA,7,10,Ranibennur (CMC),"1,06,365","53,933","52,432","11,572","5,982","5,590","85,298","43,234","42,064",972,934,89.98,90.16,89.8
29,KARNATAKA,7,11,Hospet (CMC),"2,06,159","1,02,923","1,03,236","26,478","13,508","12,970","1,43,776","77,678","66,098",1003,960,80.02,86.87,73.23
29,KARNATAKA,7,11,Bellary (M Corp.),"4,09,644","2,06,026","2,03,618","49,587","25,337","24,250","2,81,768","1,53,275","1,28,493",988,957,78.26,84.83,71.64
29,KARNATAKA,71,12,Chitradurga (CMC),"1,39,914","70,304","69,610","14,282","7,349","6,933","1,11,514","58,257","53,257",990,943,88.76,92.54,84.97
29,KARNATAKA,7,13,Davanagere (M Corp.),"4,35,128","2,20,544","2,14,584","44,545","22,888","21,657","3,31,551","1,75,747","1,55,804",973,946,84.89,88.92,80.76
29,KARNATAKA,7,14,Shimoga (CMC),"3,22,428","1,61,978","1,60,450","31,626","16,130","15,496","2,55,971","1,33,191","1,22,780",991,961,88.02,91.32,84.7
29,KARNATAKA,7,14,Bhadravati (CMC),"1,50,776","75,020","75,756","14,000","7,087","6,913","1,18,446","62,199","56,247",1010,975,86.6,91.56,81.7
29,KARNATAKA,71,15,Udupi (CMC),"1,25,350","62,031","63,319","10,283","5,364","4,919","1,08,041","54,690","53,351",1021,917,93.89,96.51,91.35
29,KARNATAKA,7,16,Chikmagalur (CMC),"1,18,496","58,859","59,637","10,931","5,599","5,332","96,586","49,742","46,844",1013,952,89.79,93.39,86.26
29,KARNATAKA,7,17,Tumkur (CMC),"3,05,821","1,55,406","1,50,415","29,655","15,233","14,422","2,37,424","1,23,904","1,13,520",968,947,85.97,88.39,83.47
29,KARNATAKA,71,18,BBMP (M Corp.),"84,25,970","44,01,299","40,24,671","8,62,493","4,44,639","4,17,854","67,75,942","36,64,959","31,10,983",914,940,89.59,92.63,86.25
29,KARNATAKA,7,19,Mandya (CMC),"1,37,735","68,748","68,987","13,269","6,826","6,443","1,05,938","55,442","50,496",1003,944,85.11,89.54,80.74
29,KARNATAKA,71,20,Hassan (CMC),"1,33,723","66,380","67,343","12,670","6,517","6,153","1,09,564","55,610","53,954",1015,944,90.51,92.9,88.17
29,KARNATAKA,71,21,Mangalore (M Corp.),"4,84,785","2,40,651","2,44,134","41,471","21,485","19,986","4,16,863","2,11,482","2,05,381",1014,930,94.03,96.49,91.63
29,KARNATAKA,71,23,Mysore (M Corp.),"8,87,446","4,43,813","4,43,633","77,988","40,106","37,882","7,02,896","3,63,157","3,39,739",1000,945,86.84,89.96,83.73
29,KARNATAKA,71,25,Gulbarga (M Corp.),"5,32,031","2,72,451","2,59,580","69,146","36,073","33,073","3,87,470","2,10,817","1,76,653",953,917,83.71,89.19,77.99
29,KARNATAKA,7,27,Kolar (CMC),"1,38,553","70,064","68,489","15,993","8,055","7,938","1,02,978","54,121","48,857",978,985,84.02,87.28,80.69
29,KARNATAKA,71,27,Robertson Pet (CMC),"1,46,428","72,378","74,050","13,322","6,619","6,703","1,19,258","61,304","57,954",1023,1013,89.6,93.23,86.05
32,KERALA,71,4,Kozhikode (M Corp.),"4,32,097","2,06,494","2,25,603","41,574","21,208","20,366","3,78,033","1,81,451","1,96,582",1093,960,96.8,97.93,95.78
32,KERALA,71,6,Palakkad (M),"1,31,019","63,833","67,186","11,614","5,930","5,684","1,12,479","56,065","56,414",1053,959,94.2,96.83,91.73
32,KERALA,71,7,Thrissur (M.Corp),"3,15,596","1,51,999","1,63,597","25,252","12,953","12,299","2,82,338","1,36,694","1,45,644",1076,950,97.24,98.31,96.26
32,KERALA,71,8,Kochi (M Corp.),"6,01,574","2,96,668","3,04,906","52,466","26,863","25,603","5,35,318","2,65,256","2,70,062",1028,953,97.49,98.31,96.69
32,KERALA,71,11,Alappuzha (M),"1,74,164","83,888","90,276","15,434","7,934","7,500","1,53,269","74,454","78,815",1076,945,96.56,98.03,95.21
32,KERALA,71,13,Kollam (M Corp.),"3,49,033","1,68,076","1,80,957","31,304","16,018","15,286","2,92,641","1,42,714","1,49,927",1077,954,92.1,93.85,90.5
32,KERALA,71,14,Thiruvananthapuram (M Corp.),"7,52,490","3,64,657","3,87,833","61,619","31,156","30,463","6,47,479","3,16,614","3,30,865",1064,978,93.72,94.94,92.58
33,TAMIL NADU,71,2,Chennai (M Corp.),"46,81,087","23,57,633","23,23,454","4,18,541","2,13,084","2,05,457","38,50,472","20,04,498","18,45,974",986,964,90.33,93.47,87.16
33,TAMIL NADU,71,1,Avadi (M),"3,44,701","1,75,055","1,69,646","33,414","17,005","16,409","2,75,881","1,45,729","1,30,152",969,965,88.63,92.2,84.94
33,TAMIL NADU,71,1,Tiruvottiyur (M),"2,48,059","1,24,852","1,23,207","24,007","12,185","11,822","1,97,646","1,03,197","94,449",987,970,88.21,91.59,84.8
33,TAMIL NADU,71,1,Madavaram (M),"1,18,525","59,631","58,894","11,835","6,049","5,786","96,308","50,467","45,841",988,957,90.27,94.19,86.32
33,TAMIL NADU,71,1,Ambattur (M),"4,78,134","2,41,181","2,36,953","45,216","23,065","22,151","4,01,253","2,08,748","1,92,505",982,960,92.69,95.71,89.62
33,TAMIL NADU,71,3,Alandur (M),"1,64,162","82,190","81,972","14,486","7,336","7,150","1,42,415","72,755","69,660",997,975,95.15,97.2,93.1
33,TAMIL NADU,71,3,Pallavaram (M),"2,16,308","1,08,381","1,07,927","20,936","10,585","10,351","1,82,201","93,828","88,373",996,978,93.26,95.94,90.57
33,TAMIL NADU,71,3,Tambaram (M),"1,76,807","90,803","86,004","16,048","7,947","8,101","1,50,667","79,383","71,284",947,1019,93.72,95.81,91.5
33,TAMIL NADU,71,3,Kancheepuram (M),"1,64,265","81,990","82,275","14,464","7,331","7,133","1,32,348","69,538","62,810",1003,973,88.35,93.14,83.59
33,TAMIL NADU,71,4,Vellore (M Corp.),"1,85,895","91,464","94,431","18,363","9,305","9,058","1,45,192","75,321","69,871",1032,973,86.67,91.68,81.84
33,TAMIL NADU,7,4,Ambur (M),"1,13,856","56,052","57,804","12,150","6,216","5,934","88,309","45,439","42,870",1031,955,86.83,91.18,82.65
33,TAMIL NADU,7,5,Tiruvannamalai (M),"1,44,683","72,351","72,332","14,530","7,413","7,117","1,06,256","55,585","50,671",1000,960,81.64,85.6,77.7
33,TAMIL NADU,71,7,Salem (M Corp.),"8,31,038","4,18,337","4,12,701","73,218","37,452","35,766","6,42,662","3,41,725","3,00,937",987,955,84.8,89.72,79.84
33,TAMIL NADU,71,9,Erode (M Corp.),"1,56,953","78,094","78,859","13,675","6,935","6,740","1,26,638","66,307","60,331",1010,972,88.39,93.18,83.65
33,TAMIL NADU,71,11,Dindigul (M),"2,07,225","1,02,927","1,04,298","18,230","9,301","8,929","1,71,130","88,360","82,770",1013,960,90.55,94.38,86.79
33,TAMIL NADU,71,13,Tiruchirappalli (M Corp.),"8,46,915","4,18,128","4,28,787","74,381","37,866","36,515","7,05,492","3,59,975","3,45,517",1025,964,91.32,94.66,88.08
33,TAMIL NADU,81,16,Neyveli (TS) (CT),"1,05,687","53,442","52,245","6,634","3,496","3,138","90,114","47,876","42,238",978,898,90.98,95.86,86.01
33,TAMIL NADU,7,16,Cuddalore (M),"1,73,361","85,593","87,768","15,940","8,153","7,787","1,39,388","72,083","67,305",1025,955,88.54,93.08,84.15
33,TAMIL NADU,7,17,Nagapattinam (M),"1,02,838","50,809","52,029","11,308","5,858","5,450","81,913","42,374","39,539",1024,930,89.49,94.27,84.89
33,TAMIL NADU,71,19,Kumbakonam (M),"1,40,113","69,350","70,763","11,972","6,032","5,940","1,17,500","60,262","57,238",1020,985,91.7,95.17,88.3
33,TAMIL NADU,71,19,Thanjavur (M),"2,22,619","1,09,291","1,13,328","18,584","9,581","9,003","1,86,643","94,696","91,947",1037,940,91.48,94.97,88.14
33,TAMIL NADU,7,20,Pudukkottai (M),"1,17,215","58,601","58,614","10,853","5,566","5,287","98,054","50,798","47,256",1000,950,92.19,95.78,88.62
33,TAMIL NADU,71,21,Karaikkudi (M),"1,06,793","53,425","53,368","9,940","5,045","4,895","88,380","46,114","42,266",999,970,91.25,95.32,87.19
33,TAMIL NADU,71,22,Madurai (M Corp.),"10,16,885","5,09,313","5,07,572","91,497","46,785","44,712","8,45,990","4,40,419","4,05,571",997,956,91.42,95.22,87.62
33,TAMIL NADU,7,24,Rajapalayam (M),"1,30,119","64,624","65,495","10,504","5,371","5,133","1,03,172","54,622","48,550",1013,956,86.25,92.18,80.43
33,TAMIL NADU,71,26,Thoothukkudi (M Corp.),"2,37,374","1,18,039","1,19,335","23,443","11,864","11,579","2,02,105","1,02,369","99,736",1011,976,94.47,96.42,92.56
33,TAMIL NADU,71,27,Tirunelveli (M Corp.),"4,74,838","2,34,643","2,40,195","43,988","22,511","21,477","3,91,972","2,01,509","1,90,463",1024,954,90.98,94.99,87.08
33,TAMIL NADU,7,28,Nagercoil (M),"2,24,329","1,10,132","1,14,197","19,034","9,599","9,435","1,95,748","97,545","98,203",1037,983,95.35,97.03,93.74
33,TAMIL NADU,71,30,Hosur (M),"1,16,821","59,411","57,410","13,288","6,746","6,542","91,358","48,225","43,133",966,970,88.24,91.57,84.79
33,TAMIL NADU,71,31,Coimbatore (M Corp.),"10,61,447","5,31,017","5,30,430","96,261","49,040","47,221","8,85,471","4,57,982","4,27,489",999,963,91.74,95.02,88.47
33,TAMIL NADU,71,31,Kurichi (M),"1,25,800","63,033","62,767","12,092","6,111","5,981","1,02,816","53,578","49,238",996,979,90.42,94.13,86.71
33,TAMIL NADU,71,32,Tiruppur (M Corp.),"4,44,543","2,27,469","2,17,074","45,091","23,039","22,052","3,50,206","1,89,496","1,60,710",954,957,87.67,92.69,82.41
34,PUDUCHERRY,71,2,Puducherry (M),"2,41,773","1,18,205","1,23,568","22,412","11,245","11,167","1,95,861","1,00,419","95,442",1045,993,89.29,93.88,84.91
34,PUDUCHERRY,71,2,Ozhukarai (M),"3,00,028","1,48,154","1,51,874","29,214","14,910","14,304","2,44,264","1,26,663","1,17,601",1025,959,90.2,95.06,85.48
35,ANDAMAN & NICOBAR ISLANDS,7,3,Port Blair (MC),"1,00,608","53,247","47,361","9,358","4,852","4,506","81,908","44,908","37,000",889,929,89.76,92.79,86.34
Note:,,,,,,,,,,,,,,,,,,
"            The Cities having District code ""99"" spread over more than one Districts. ",,,,,,,,,,,,,,,,,,
